id,question,role,predicted_field,reference_gold_field,predicted_field_globally_legal,reference_kind,predicted_program_json,gold_program_json,ai_screening,human_review_status,human_reviewer,human_notes
train:74006,How many video game console models did not discontinue in 2013 or sold over 480000000 units?,attribute,discontinue,discontinued date,False,selected,"[{""function"": ""FindAll"", ""inputs"": [], ""dependencies"": []}, {""function"": ""FilterYear"", ""inputs"": [""discontinue"", ""2013"", ""!=""], ""dependencies"": [0]}, {""function"": ""FilterConcept"", ""inputs"": [""video game console model""], ""dependencies"": [1]}, {""function"": ""FindAll"", ""inputs"": [], ""dependencies"": []}, {""function"": ""FilterNum"", ""inputs"": [""units sold"", ""480000000"", "">""], ""dependencies"": [3]}, {""function"": ""FilterConcept"", ""inputs"": [""video game console model""], ""dependencies"": [4]}, {""function"": ""Or"", ""inputs"": [], ""dependencies"": [2, 5]}, {""function"": ""Count"", ""inputs"": [], ""dependencies"": [6]}]","[{""function"": ""FindAll"", ""dependencies"": [], ""inputs"": []}, {""function"": ""FilterYear"", ""dependencies"": [0], ""inputs"": [""discontinued date"", ""2013"", ""!=""]}, {""function"": ""FilterConcept"", ""dependencies"": [1], ""inputs"": [""video game console model""]}, {""function"": ""FindAll"", ""dependencies"": [], ""inputs"": []}, {""function"": ""FilterNum"", ""dependencies"": [3], ""inputs"": [""units sold"", ""480000000"", "">""]}, {""function"": ""FilterConcept"", ""dependencies"": [4], ""inputs"": [""video game console model""]}, {""function"": ""Or"", ""dependencies"": [2, 5], ""inputs"": []}, {""function"": ""Count"", ""dependencies"": [6], ""inputs"": []}]","mechanical_only: illegal-field name, semantic cause unconfirmed",pending,,
train:1668,What number of Primetime Emmy Awards did St. Elsewhere win?,relation,winner,award received,True,selected,"[{""function"": ""Find"", ""inputs"": [""St. Elsewhere""], ""dependencies"": []}, {""function"": ""Relate"", ""inputs"": [""winner"", ""forward""], ""dependencies"": [0]}, {""function"": ""FilterConcept"", ""inputs"": [""Primetime Emmy Award""], ""dependencies"": [1]}, {""function"": ""Count"", ""inputs"": [], ""dependencies"": [2]}]","[{""function"": ""Find"", ""dependencies"": [], ""inputs"": [""St. Elsewhere""]}, {""function"": ""Relate"", ""dependencies"": [0], ""inputs"": [""award received"", ""forward""]}, {""function"": ""FilterConcept"", ""dependencies"": [1], ""inputs"": [""Primetime Emmy Award""]}, {""function"": ""Count"", ""dependencies"": [2], ""inputs"": []}]","mechanical_only: legal-field difference, semantic cause unconfirmed",pending,,
train:76264,When did Colchester become Avignon's twin administrative body?,relation,twin administrative body,twinned administrative body,False,selected,"[{""function"": ""Find"", ""inputs"": [""Colchester""], ""dependencies"": []}, {""function"": ""Find"", ""inputs"": [""Avignon""], ""dependencies"": []}, {""function"": ""QueryRelationQualifier"", ""inputs"": [""twin administrative body"", ""start time""], ""dependencies"": [0, 1]}]","[{""function"": ""Find"", ""dependencies"": [], ""inputs"": [""Colchester""]}, {""function"": ""Find"", ""dependencies"": [], ""inputs"": [""Avignon""]}, {""function"": ""QueryRelationQualifier"", ""dependencies"": [0, 1], ""inputs"": [""twinned administrative body"", ""start time""]}]","mechanical_only: illegal-field name, semantic cause unconfirmed",pending,,
train:30739,When is edition number 31 of the Academy Awards ceremony?,attribute,edition number,point in time,True,selected,"[{""function"": ""FindAll"", ""inputs"": [], ""dependencies"": []}, {""function"": ""FilterStr"", ""inputs"": [""edition number"", ""31""], ""dependencies"": [0]}, {""function"": ""FilterConcept"", ""inputs"": [""Academy Awards ceremony""], ""dependencies"": [1]}, {""function"": ""QueryAttr"", ""inputs"": [""edition number""], ""dependencies"": [2]}]","[{""function"": ""FindAll"", ""dependencies"": [], ""inputs"": []}, {""function"": ""FilterStr"", ""dependencies"": [0], ""inputs"": [""edition number"", ""31""]}, {""function"": ""FilterConcept"", ""dependencies"": [1], ""inputs"": [""Academy Awards ceremony""]}, {""function"": ""QueryAttr"", ""dependencies"": [2], ""inputs"": [""point in time""]}]","mechanical_only: legal-field difference, semantic cause unconfirmed",pending,,
train:5086,How many video-game developers follow Enix?,relation,followed by,follows,True,selected,"[{""function"": ""Find"", ""inputs"": [""Enix""], ""dependencies"": []}, {""function"": ""Relate"", ""inputs"": [""followed by"", ""backward""], ""dependencies"": [0]}, {""function"": ""FilterConcept"", ""inputs"": [""video game developer""], ""dependencies"": [1]}, {""function"": ""Count"", ""inputs"": [], ""dependencies"": [2]}]","[{""function"": ""Find"", ""dependencies"": [], ""inputs"": [""Enix""]}, {""function"": ""Relate"", ""dependencies"": [0], ""inputs"": [""follows"", ""backward""]}, {""function"": ""FilterConcept"", ""dependencies"": [1], ""inputs"": [""video game developer""]}, {""function"": ""Count"", ""dependencies"": [2], ""inputs"": []}]","mechanical_only: legal-field difference, semantic cause unconfirmed",pending,,
train:5281,Does Richard Feynman or Linus Pauling have the smaller Erdős value?,attribute,Erdős value,Erdős number,False,beam4_top1_diagnostic,"[{""function"": ""Find"", ""inputs"": [""Richard Feynman""], ""dependencies"": []}, {""function"": ""Find"", ""inputs"": [""Linus Pauling""], ""dependencies"": []}, {""function"": ""SelectBetween"", ""inputs"": [""Erdős value"", ""less""], ""dependencies"": [0, 1]}]","[{""function"": ""Find"", ""dependencies"": [], ""inputs"": [""Richard Feynman""]}, {""function"": ""Find"", ""dependencies"": [], ""inputs"": [""Linus Pauling""]}, {""function"": ""SelectBetween"", ""dependencies"": [0, 1], ""inputs"": [""Erdős number"", ""less""]}]","mechanical_only: illegal-field name, semantic cause unconfirmed",pending,,
train:87706,For which work was Rita Moreno awarded the  Primetime Emmy Award for Individual Performance in a Variety or Music Program?,relation,award received,winner,True,selected,"[{""function"": ""Find"", ""inputs"": [""Primetime Emmy Award for Individual Performance in a Variety or Music Program""], ""dependencies"": []}, {""function"": ""Find"", ""inputs"": [""Rita Moreno""], ""dependencies"": []}, {""function"": ""QueryRelationQualifier"", ""inputs"": [""award received"", ""for work""], ""dependencies"": [0, 1]}]","[{""function"": ""Find"", ""dependencies"": [], ""inputs"": [""Primetime Emmy Award for Individual Performance in a Variety or Music Program""]}, {""function"": ""Find"", ""dependencies"": [], ""inputs"": [""Rita Moreno""]}, {""function"": ""QueryRelationQualifier"", ""dependencies"": [0, 1], ""inputs"": [""winner"", ""for work""]}]","mechanical_only: legal-field difference, semantic cause unconfirmed",pending,,
train:36956,"About the disease that has eMedicine number 176595, and UMLS CUI of C0017168, what relationship does it map to?",qualifier,relationship,mapping relation type,False,selected,"[{""function"": ""FindAll"", ""inputs"": [], ""dependencies"": []}, {""function"": ""FilterStr"", ""inputs"": [""eMedicine"", ""176595""], ""dependencies"": [0]}, {""function"": ""FilterConcept"", ""inputs"": [""disease""], ""dependencies"": [1]}, {""function"": ""QueryAttrQualifier"", ""inputs"": [""UMLS CUI"", ""C0017168"", ""relationship""], ""dependencies"": [2]}]","[{""function"": ""FindAll"", ""dependencies"": [], ""inputs"": []}, {""function"": ""FilterStr"", ""dependencies"": [0], ""inputs"": [""eMedicine"", ""176595""]}, {""function"": ""FilterConcept"", ""dependencies"": [1], ""inputs"": [""disease""]}, {""function"": ""QueryAttrQualifier"", ""dependencies"": [2], ""inputs"": [""UMLS CUI"", ""C0017168"", ""mapping relation type""]}]","mechanical_only: illegal-field name, semantic cause unconfirmed",pending,,
train:73915,How many Summer Olympic Games saw Richard Thompson (citizen of Trinidad and Tobago) participating ?,relation,participant,participant of,True,selected,"[{""function"": ""Find"", ""inputs"": [""Trinidad and Tobago""], ""dependencies"": []}, {""function"": ""Relate"", ""inputs"": [""country of citizenship"", ""backward""], ""dependencies"": [0]}, {""function"": ""Find"", ""inputs"": [""Richard Thompson""], ""dependencies"": []}, {""function"": ""And"", ""inputs"": [], ""dependencies"": [1, 2]}, {""function"": ""Relate"", ""inputs"": [""participant"", ""forward""], ""dependencies"": [3]}, {""function"": ""FilterConcept"", ""inputs"": [""Summer Olympic Games""], ""dependencies"": [4]}, {""function"": ""Count"", ""inputs"": [], ""dependencies"": [5]}]","[{""function"": ""Find"", ""dependencies"": [], ""inputs"": [""Trinidad and Tobago""]}, {""function"": ""Relate"", ""dependencies"": [0], ""inputs"": [""country of citizenship"", ""backward""]}, {""function"": ""Find"", ""dependencies"": [], ""inputs"": [""Richard Thompson""]}, {""function"": ""And"", ""dependencies"": [1, 2], ""inputs"": []}, {""function"": ""Relate"", ""dependencies"": [3], ""inputs"": [""participant of"", ""forward""]}, {""function"": ""FilterConcept"", ""dependencies"": [4], ""inputs"": [""Summer Olympic Games""]}, {""function"": ""Count"", ""dependencies"": [5], ""inputs"": []}]","mechanical_only: legal-field difference, semantic cause unconfirmed",pending,,
train:37226,What number of writers use the language Urdu?,relation,language used,"languages spoken, written or signed",True,selected,"[{""function"": ""Find"", ""inputs"": [""Urdu""], ""dependencies"": []}, {""function"": ""Relate"", ""inputs"": [""language used"", ""backward""], ""dependencies"": [0]}, {""function"": ""FilterConcept"", ""inputs"": [""writer""], ""dependencies"": [1]}, {""function"": ""Count"", ""inputs"": [], ""dependencies"": [2]}]","[{""function"": ""Find"", ""dependencies"": [], ""inputs"": [""Urdu""]}, {""function"": ""Relate"", ""dependencies"": [0], ""inputs"": [""languages spoken, written or signed"", ""backward""]}, {""function"": ""FilterConcept"", ""dependencies"": [1], ""inputs"": [""writer""]}, {""function"": ""Count"", ""dependencies"": [2], ""inputs"": []}]","mechanical_only: legal-field difference, semantic cause unconfirmed",pending,,
train:93430,"Where was the 2012-07-20 release of the movie featuring the character Catwoman, performed by Michelle Pfeiffer?",relation,based on,characters,True,selected,"[{""function"": ""Find"", ""inputs"": [""Michelle Pfeiffer""], ""dependencies"": []}, {""function"": ""Relate"", ""inputs"": [""performer"", ""backward""], ""dependencies"": [0]}, {""function"": ""Find"", ""inputs"": [""Catwoman""], ""dependencies"": []}, {""function"": ""And"", ""inputs"": [], ""dependencies"": [1, 2]}, {""function"": ""Relate"", ""inputs"": [""based on"", ""backward""], ""dependencies"": [3]}, {""function"": ""FilterConcept"", ""inputs"": [""film""], ""dependencies"": [4]}, {""function"": ""QueryAttrQualifier"", ""inputs"": [""publication date"", ""2012-07-20"", ""place of publication""], ""dependencies"": [5]}]","[{""function"": ""Find"", ""dependencies"": [], ""inputs"": [""Michelle Pfeiffer""]}, {""function"": ""Relate"", ""dependencies"": [0], ""inputs"": [""performer"", ""backward""]}, {""function"": ""Find"", ""dependencies"": [], ""inputs"": [""Catwoman""]}, {""function"": ""And"", ""dependencies"": [1, 2], ""inputs"": []}, {""function"": ""Relate"", ""dependencies"": [3], ""inputs"": [""characters"", ""backward""]}, {""function"": ""FilterConcept"", ""dependencies"": [4], ""inputs"": [""film""]}, {""function"": ""QueryAttrQualifier"", ""dependencies"": [5], ""inputs"": [""publication date"", ""2012-07-20"", ""place of publication""]}]","mechanical_only: legal-field difference, semantic cause unconfirmed",pending,,
train:9442,How many belief systems were founded by Gautama Buddha or began outside of 1863?,relation,founded by,found,True,selected,"[{""function"": ""Find"", ""inputs"": [""Gautama Buddha""], ""dependencies"": []}, {""function"": ""Relate"", ""inputs"": [""founded by"", ""forward""], ""dependencies"": [0]}, {""function"": ""FilterConcept"", ""inputs"": [""belief system""], ""dependencies"": [1]}, {""function"": ""FindAll"", ""inputs"": [], ""dependencies"": []}, {""function"": ""FilterYear"", ""inputs"": [""inception"", ""1863"", ""!=""], ""dependencies"": [3]}, {""function"": ""FilterConcept"", ""inputs"": [""belief system""], ""dependencies"": [4]}, {""function"": ""Or"", ""inputs"": [], ""dependencies"": [2, 5]}, {""function"": ""Count"", ""inputs"": [], ""dependencies"": [6]}]","[{""function"": ""Find"", ""dependencies"": [], ""inputs"": [""Gautama Buddha""]}, {""function"": ""Relate"", ""dependencies"": [0], ""inputs"": [""found"", ""forward""]}, {""function"": ""FilterConcept"", ""dependencies"": [1], ""inputs"": [""belief system""]}, {""function"": ""FindAll"", ""dependencies"": [], ""inputs"": []}, {""function"": ""FilterYear"", ""dependencies"": [3], ""inputs"": [""inception"", ""1863"", ""!=""]}, {""function"": ""FilterConcept"", ""dependencies"": [4], ""inputs"": [""belief system""]}, {""function"": ""Or"", ""dependencies"": [2, 5], ""inputs"": []}, {""function"": ""Count"", ""dependencies"": [6], ""inputs"": []}]","mechanical_only: legal-field difference, semantic cause unconfirmed",pending,,
train:83510,What organization is located at sovereign state which has maritime identification digits of 257?,relation,located at the administrative territorial entity,country,False,beam4_top1_diagnostic,"[{""function"": ""FindAll"", ""inputs"": [], ""dependencies"": []}, {""function"": ""FilterStr"", ""inputs"": [""maritime identification digits"", ""257""], ""dependencies"": [0]}, {""function"": ""FilterConcept"", ""inputs"": [""sovereign state""], ""dependencies"": [1]}, {""function"": ""Relate"", ""inputs"": [""located at the administrative territorial entity"", ""backward""], ""dependencies"": [2]}, {""function"": ""FilterConcept"", ""inputs"": [""organization""], ""dependencies"": [3]}, {""function"": ""What"", ""inputs"": [], ""dependencies"": [4]}]","[{""function"": ""FindAll"", ""dependencies"": [], ""inputs"": []}, {""function"": ""FilterStr"", ""dependencies"": [0], ""inputs"": [""maritime identification digits"", ""257""]}, {""function"": ""FilterConcept"", ""dependencies"": [1], ""inputs"": [""sovereign state""]}, {""function"": ""Relate"", ""dependencies"": [2], ""inputs"": [""country"", ""backward""]}, {""function"": ""FilterConcept"", ""dependencies"": [3], ""inputs"": [""organization""]}, {""function"": ""What"", ""dependencies"": [4], ""inputs"": []}]","mechanical_only: illegal-field name, semantic cause unconfirmed",pending,,
train:9382,What is cast member Martin Short's character role in The Prince of Egypt?,relation,cast member,voice actor,True,selected,"[{""function"": ""Find"", ""inputs"": [""The Prince of Egypt""], ""dependencies"": []}, {""function"": ""Find"", ""inputs"": [""Martin Short""], ""dependencies"": []}, {""function"": ""QueryRelationQualifier"", ""inputs"": [""cast member"", ""character role""], ""dependencies"": [0, 1]}]","[{""function"": ""Find"", ""dependencies"": [], ""inputs"": [""The Prince of Egypt""]}, {""function"": ""Find"", ""dependencies"": [], ""inputs"": [""Martin Short""]}, {""function"": ""QueryRelationQualifier"", ""dependencies"": [0, 1], ""inputs"": [""voice actor"", ""character role""]}]","mechanical_only: legal-field difference, semantic cause unconfirmed",pending,,
train:33771,How many military conflicts concluded later than 1149 AD?,concept,military conflict,war,False,selected,"[{""function"": ""FindAll"", ""inputs"": [], ""dependencies"": []}, {""function"": ""FilterYear"", ""inputs"": [""end time"", ""1149"", "">""], ""dependencies"": [0]}, {""function"": ""FilterConcept"", ""inputs"": [""military conflict""], ""dependencies"": [1]}, {""function"": ""Count"", ""inputs"": [], ""dependencies"": [2]}]","[{""function"": ""FindAll"", ""dependencies"": [], ""inputs"": []}, {""function"": ""FilterYear"", ""dependencies"": [0], ""inputs"": [""end time"", ""1149"", "">""]}, {""function"": ""FilterConcept"", ""dependencies"": [1], ""inputs"": [""war""]}, {""function"": ""Count"", ""dependencies"": [2], ""inputs"": []}]","mechanical_only: illegal-field name, semantic cause unconfirmed",pending,,
train:87675,How many forms of EDM (electronic dance music) originate from Northern line or from Germany?,concept,EDM,electronic dance music,False,selected,"[{""function"": ""Find"", ""inputs"": [""Northern line""], ""dependencies"": []}, {""function"": ""Relate"", ""inputs"": [""country of origin"", ""backward""], ""dependencies"": [0]}, {""function"": ""FilterConcept"", ""inputs"": [""electronic dance music""], ""dependencies"": [1]}, {""function"": ""Find"", ""inputs"": [""Germany""], ""dependencies"": []}, {""function"": ""Relate"", ""inputs"": [""country of origin"", ""backward""], ""dependencies"": [3]}, {""function"": ""FilterConcept"", ""inputs"": [""EDM""], ""dependencies"": [4]}, {""function"": ""Or"", ""inputs"": [], ""dependencies"": [2, 5]}, {""function"": ""Count"", ""inputs"": [], ""dependencies"": [6]}]","[{""function"": ""Find"", ""dependencies"": [], ""inputs"": [""Northern line""]}, {""function"": ""Relate"", ""dependencies"": [0], ""inputs"": [""country of origin"", ""backward""]}, {""function"": ""FilterConcept"", ""dependencies"": [1], ""inputs"": [""electronic dance music""]}, {""function"": ""Find"", ""dependencies"": [], ""inputs"": [""Germany""]}, {""function"": ""Relate"", ""dependencies"": [3], ""inputs"": [""country of origin"", ""backward""]}, {""function"": ""FilterConcept"", ""dependencies"": [4], ""inputs"": [""electronic dance music""]}, {""function"": ""Or"", ""dependencies"": [2, 5], ""inputs"": []}, {""function"": ""Count"", ""dependencies"": [6], ""inputs"": []}]","mechanical_only: illegal-field name, semantic cause unconfirmed",pending,,
train:42943,How many communication mediums apply to jurisdiction over Ontario (which has as its motto text 'Ut incepit fidelis sic permanet') or are the distribution format of Guitar Hero III: Legends of Rock?,relation,distribution format,distribution,False,selected,"[{""function"": ""Find"", ""inputs"": [""Ontario""], ""dependencies"": []}, {""function"": ""FilterStr"", ""inputs"": [""motto text"", ""Ut incepit fidelis sic permanet""], ""dependencies"": [0]}, {""function"": ""Relate"", ""inputs"": [""applies to jurisdiction"", ""backward""], ""dependencies"": [1]}, {""function"": ""FilterConcept"", ""inputs"": [""communication medium""], ""dependencies"": [2]}, {""function"": ""Find"", ""inputs"": [""Guitar Hero III: Legends of Rock""], ""dependencies"": []}, {""function"": ""Relate"", ""inputs"": [""distribution format"", ""forward""], ""dependencies"": [4]}, {""function"": ""FilterConcept"", ""inputs"": [""communication medium""], ""dependencies"": [5]}, {""function"": ""Or"", ""inputs"": [], ""dependencies"": [3, 6]}, {""function"": ""Count"", ""inputs"": [], ""dependencies"": [7]}]","[{""function"": ""Find"", ""dependencies"": [], ""inputs"": [""Ontario""]}, {""function"": ""FilterStr"", ""dependencies"": [0], ""inputs"": [""motto text"", ""Ut incepit fidelis sic permanet""]}, {""function"": ""Relate"", ""dependencies"": [1], ""inputs"": [""applies to jurisdiction"", ""backward""]}, {""function"": ""FilterConcept"", ""dependencies"": [2], ""inputs"": [""communication medium""]}, {""function"": ""Find"", ""dependencies"": [], ""inputs"": [""Guitar Hero III: Legends of Rock""]}, {""function"": ""Relate"", ""dependencies"": [4], ""inputs"": [""distribution"", ""forward""]}, {""function"": ""FilterConcept"", ""dependencies"": [5], ""inputs"": [""communication medium""]}, {""function"": ""Or"", ""dependencies"": [3, 6], ""inputs"": []}, {""function"": ""Count"", ""dependencies"": [7], ""inputs"": []}]","mechanical_only: illegal-field name, semantic cause unconfirmed",pending,,
train:73789,How many Twitter subscribers does the English Speaking William Powell have for his Twitter username of WmPowell2016?,relation,language of work or name,"languages spoken, written or signed",True,beam4_top1_diagnostic,"[{""function"": ""Find"", ""inputs"": [""English""], ""dependencies"": []}, {""function"": ""Relate"", ""inputs"": [""language of work or name"", ""backward""], ""dependencies"": [0]}, {""function"": ""Find"", ""inputs"": [""William Powell""], ""dependencies"": []}, {""function"": ""And"", ""inputs"": [], ""dependencies"": [1, 2]}, {""function"": ""QueryAttrQualifier"", ""inputs"": [""Twitter username"", ""WmPowell2016"", ""number of subscribers""], ""dependencies"": [3]}]","[{""function"": ""Find"", ""dependencies"": [], ""inputs"": [""English""]}, {""function"": ""Relate"", ""dependencies"": [0], ""inputs"": [""languages spoken, written or signed"", ""backward""]}, {""function"": ""Find"", ""dependencies"": [], ""inputs"": [""William Powell""]}, {""function"": ""And"", ""dependencies"": [1, 2], ""inputs"": []}, {""function"": ""QueryAttrQualifier"", ""dependencies"": [3], ""inputs"": [""Twitter username"", ""WmPowell2016"", ""number of subscribers""]}]","mechanical_only: legal-field difference, semantic cause unconfirmed",pending,,
train:36499,What is the title of the written work that is available at http://www.gutenberg.org/ebooks/1400 ?,attribute,official website,full work available at,True,beam4_top1_diagnostic,"[{""function"": ""FindAll"", ""inputs"": [], ""dependencies"": []}, {""function"": ""FilterStr"", ""inputs"": [""official website"", ""http://www.gutenberg.org/ebooks/1400""], ""dependencies"": [0]}, {""function"": ""FilterConcept"", ""inputs"": [""written work""], ""dependencies"": [1]}, {""function"": ""QueryAttr"", ""inputs"": [""title""], ""dependencies"": [2]}]","[{""function"": ""FindAll"", ""dependencies"": [], ""inputs"": []}, {""function"": ""FilterStr"", ""dependencies"": [0], ""inputs"": [""full work available at"", ""http://www.gutenberg.org/ebooks/1400""]}, {""function"": ""FilterConcept"", ""dependencies"": [1], ""inputs"": [""written work""]}, {""function"": ""QueryAttr"", ""dependencies"": [2], ""inputs"": [""title""]}]","mechanical_only: legal-field difference, semantic cause unconfirmed",pending,,
train:76902,Does Zimbabwe or Namibia have the higher legal age to marry?,attribute,legal age,marriageable age,False,beam4_top1_diagnostic,"[{""function"": ""Find"", ""inputs"": [""Zimbabwe""], ""dependencies"": []}, {""function"": ""Find"", ""inputs"": [""Namibia""], ""dependencies"": []}, {""function"": ""SelectBetween"", ""inputs"": [""legal age"", ""greater""], ""dependencies"": [0, 1]}]","[{""function"": ""Find"", ""dependencies"": [], ""inputs"": [""Zimbabwe""]}, {""function"": ""Find"", ""dependencies"": [], ""inputs"": [""Namibia""]}, {""function"": ""SelectBetween"", ""dependencies"": [0, 1], ""inputs"": [""marriageable age"", ""greater""]}]","mechanical_only: illegal-field name, semantic cause unconfirmed",pending,,
train:30041,In which time period is it valid that the timezone offset of the Mountain Time Zone is -6 hour?,qualifier,valid in time,valid in period,False,selected,"[{""function"": ""Find"", ""inputs"": [""Mountain Time Zone""], ""dependencies"": []}, {""function"": ""QueryAttrQualifier"", ""inputs"": [""timezone offset"", ""-6 hour"", ""valid in time""], ""dependencies"": [0]}]","[{""function"": ""Find"", ""dependencies"": [], ""inputs"": [""Mountain Time Zone""]}, {""function"": ""QueryAttrQualifier"", ""dependencies"": [0], ""inputs"": [""timezone offset"", ""-6 hour"", ""valid in period""]}]","mechanical_only: illegal-field name, semantic cause unconfirmed",pending,,
