fact_id,entity_id,entity_name,variant,attribute,event_type,value_raw,value_kind,value_status,value,min_value,max_value,unit_raw,unit_std,condition_status,condition_raw,conditions_json,doc_id,source_uri,source_file,source_sha256,locator,evidence_text,review_status,reviewer,review_notes
radar-review-001-01,kg_v3:AN/MPQ-65,AN/MPQ-65,,type_description,,Mobile surface-to-air missile / anti-ballistic missile system,text,ambiguous,Mobile surface-to-air missile / anti-ballistic missile system,,,,,not_stated,,[],an_mpq-65,https://en.wikipedia.org/wiki/MIM-104_Patriot,radar_corpus/raw/an_mpq-65.json,55822bec7df58ee20138f19c9702270f4947ca56f834e6927f3e88758797432c,"{""char_end"": 65, ""char_start"": 0, ""chunk_file"": ""pipeline/v3/work/chunks.jsonl"", ""chunk_id"": ""an_mpq-65#ibx"", ""chunk_line"": 5, ""end_exclusive"": true, ""json_pointer"": ""/infobox/Type"", ""offset_unit"": ""unicode_codepoint""}",Mobile; surface-to-air missile; /; anti-ballistic missile; system,needs_review,AI_initial_screening_not_human_verified,AI预填，未人工核验；不是金标或已接受替代事实。型号版本未明确，variant留空。来源页为MIM-104 Patriot系统，不能把系统类型直接当雷达型号类型；主体归属待核验。
radar-review-001-02,kg_v3:AN/MPQ-65,AN/MPQ-65,,service_entry,in_service,Since 1981; initial operational capacity 1984,event,ambiguous,1981,,,,year,not_stated,,[],an_mpq-65,https://en.wikipedia.org/wiki/MIM-104_Patriot,radar_corpus/raw/an_mpq-65.json,55822bec7df58ee20138f19c9702270f4947ca56f834e6927f3e88758797432c,"{""char_end"": 10, ""char_start"": 0, ""chunk_file"": ""pipeline/v3/work/chunks.jsonl"", ""chunk_id"": ""an_mpq-65#ibx"", ""chunk_line"": 5, ""end_exclusive"": true, ""json_pointer"": ""/infobox/In service"", ""offset_unit"": ""unicode_codepoint""}",Since 1981,needs_review,AI_initial_screening_not_human_verified,AI预填，未人工核验；不是金标或已接受替代事实。型号版本未明确，variant留空。保留来源第一个时间事件；来源主体是Patriot系统，1981不能据此确认为AN/MPQ-65服役年份。
radar-review-001-03,kg_v3:AN/MPQ-65,AN/MPQ-65,,service_entry,initial_operational_capacity,Since 1981; initial operational capacity 1984,event,ambiguous,1984,,,,year,not_stated,,[],an_mpq-65,https://en.wikipedia.org/wiki/MIM-104_Patriot,radar_corpus/raw/an_mpq-65.json,55822bec7df58ee20138f19c9702270f4947ca56f834e6927f3e88758797432c,"{""char_end"": 45, ""char_start"": 12, ""chunk_file"": ""pipeline/v3/work/chunks.jsonl"", ""chunk_id"": ""an_mpq-65#ibx"", ""chunk_line"": 5, ""end_exclusive"": true, ""json_pointer"": ""/infobox/In service"", ""offset_unit"": ""unicode_codepoint""}",initial operational capacity 1984,needs_review,AI_initial_screening_not_human_verified,AI预填，未人工核验；不是金标或已接受替代事实。型号版本未明确，variant留空。第二个时间事件单列；旧属性只存1981。1984的主体和事件定义仍待人工核验，不是替代金标。
radar-review-001-04,kg_v3:AN/APY-9,AN/APY-9,,frequency,,UHF-Band 0.3–3.0 GHz (99.93–9.99 cm),range,ambiguous,,0.3,3.0,GHz,GHz,not_stated,,[],an_apy-9,https://en.wikipedia.org/wiki/AN/APY-9,radar_corpus/raw/an_apy-9.json,7366d6584f91cb16ed03ce696866838e3be16d77eb5a4d9d39e72bab95fdf4ef,"{""char_end"": 36, ""char_start"": 0, ""chunk_file"": ""pipeline/v3/work/chunks.jsonl"", ""chunk_id"": ""an_apy-9#ibx"", ""chunk_line"": 31, ""end_exclusive"": true, ""json_pointer"": ""/infobox/Frequency"", ""offset_unit"": ""unicode_codepoint""}",UHF-Band 0.3–3.0 GHz (99.93–9.99 cm),needs_review,AI_initial_screening_not_human_verified,AI预填，未人工核验；不是金标或已接受替代事实。型号版本未明确，variant留空。按快照预填区间两端；旧值只存3.0 GHz。需核实这是型号实际工作频段还是一般UHF频段说明；不把波长另造事实。
radar-review-001-05,kg_v3:AN/SPG-51,AN/SPG-51,,frequency,,Illuminator: 10.25-10.5 GHz; Tracking Radar: 5.45 GHz - 5.825 GHz,range,stated,,10.25,10.5,GHz,GHz,explicit,Illuminator,"[{""kind"":""verbatim_component_label"",""text"":""Illuminator""}]",an_spg-51,https://en.wikipedia.org/wiki/AN/SPG-51,radar_corpus/raw/an_spg-51.json,a5472711842723a90e4413f3d4eb0ff00b773cf9943f8e5170e78d5750dd6a95,"{""char_end"": 27, ""char_start"": 0, ""chunk_file"": ""pipeline/v3/work/chunks.jsonl"", ""chunk_id"": ""an_spg-51#ibx"", ""chunk_line"": 112, ""end_exclusive"": true, ""json_pointer"": ""/infobox/Frequency"", ""offset_unit"": ""unicode_codepoint""}",Illuminator: 10.25-10.5 GHz,needs_review,AI_initial_screening_not_human_verified,AI预填，未人工核验；不是金标或已接受替代事实。型号版本未明确，variant留空。原文照射部件范围单列；旧值只存10.5 GHz。部件名称仅忠实保留原文，不宣称型号版本已厘清。
radar-review-001-06,kg_v3:AN/SPG-51,AN/SPG-51,,frequency,,Illuminator: 10.25-10.5 GHz; Tracking Radar: 5.45 GHz - 5.825 GHz,range,stated,,5.45,5.825,GHz,GHz,explicit,Tracking Radar,"[{""kind"":""verbatim_component_label"",""text"":""Tracking Radar""}]",an_spg-51,https://en.wikipedia.org/wiki/AN/SPG-51,radar_corpus/raw/an_spg-51.json,a5472711842723a90e4413f3d4eb0ff00b773cf9943f8e5170e78d5750dd6a95,"{""char_end"": 74, ""char_start"": 38, ""chunk_file"": ""pipeline/v3/work/chunks.jsonl"", ""chunk_id"": ""an_spg-51#ibx"", ""chunk_line"": 112, ""end_exclusive"": true, ""json_pointer"": ""/infobox/Frequency"", ""offset_unit"": ""unicode_codepoint""}",Tracking Radar: 5.45 GHz - 5.825 GHz,needs_review,AI_initial_screening_not_human_verified,AI预填，未人工核验；不是金标或已接受替代事实。型号版本未明确，variant留空。原文跟踪部件范围单列；不与照射部件范围合并。出处引用及具体配置需人工核验。
radar-review-001-07,kg_v3:AN/SPG-51,AN/SPG-51,,prf,,4100 pps (surface); 9600-16700 pps (air),scalar,stated,4100,,,pps,pps,explicit,surface,"[{""kind"":""verbatim_context_label"",""text"":""surface""}]",an_spg-51,https://en.wikipedia.org/wiki/AN/SPG-51,radar_corpus/raw/an_spg-51.json,a5472711842723a90e4413f3d4eb0ff00b773cf9943f8e5170e78d5750dd6a95,"{""char_end"": 18, ""char_start"": 0, ""chunk_file"": ""pipeline/v3/work/chunks.jsonl"", ""chunk_id"": ""an_spg-51#ibx"", ""chunk_line"": 112, ""end_exclusive"": true, ""json_pointer"": ""/infobox/PRF"", ""offset_unit"": ""unicode_codepoint""}",4100 pps (surface),needs_review,AI_initial_screening_not_human_verified,AI预填，未人工核验；不是金标或已接受替代事实。型号版本未明确，variant留空。surface是原文标签，仅记录，不擅自扩展其模式/目标含义。当前条目未与air数值混合。
radar-review-001-08,kg_v3:AN/SPG-51,AN/SPG-51,,prf,,4100 pps (surface); 9600-16700 pps (air),range,stated,,9600,16700,pps,pps,explicit,air,"[{""kind"":""verbatim_context_label"",""text"":""air""}]",an_spg-51,https://en.wikipedia.org/wiki/AN/SPG-51,radar_corpus/raw/an_spg-51.json,a5472711842723a90e4413f3d4eb0ff00b773cf9943f8e5170e78d5750dd6a95,"{""char_end"": 40, ""char_start"": 20, ""chunk_file"": ""pipeline/v3/work/chunks.jsonl"", ""chunk_id"": ""an_spg-51#ibx"", ""chunk_line"": 112, ""end_exclusive"": true, ""json_pointer"": ""/infobox/PRF"", ""offset_unit"": ""unicode_codepoint""}",9600-16700 pps (air),needs_review,AI_initial_screening_not_human_verified,AI预填，未人工核验；不是金标或已接受替代事实。型号版本未明确，variant留空。air是原文标签，范围单列；旧属性只存surface的4100。标签实际语义及条件完整性待核验。
radar-review-001-09,kg_v3:AN/SPN-35,AN/SPN-35,,frequency,,9.0 to 9.2 GHz band,range,stated,,9.0,9.2,GHz,GHz,not_stated,,[],an_spn-35,https://en.wikipedia.org/wiki/AN/SPN-35,radar_corpus/raw/an_spn-35.json,3003133c4297385d574dda55ff5714ee45231c4c655b981fdf742d7d8e37f150,"{""char_end"": 19, ""char_start"": 0, ""chunk_file"": ""pipeline/v3/work/chunks.jsonl"", ""chunk_id"": ""an_spn-35#ibx"", ""chunk_line"": 135, ""end_exclusive"": true, ""json_pointer"": ""/infobox/Frequency"", ""offset_unit"": ""unicode_codepoint""}",9.0 to 9.2 GHz band,needs_review,AI_initial_screening_not_human_verified,AI预填，未人工核验；不是金标或已接受替代事实。型号版本未明确，variant留空。快照为GHz频率范围，旧图谱却存9000.0 kg；仅预填原文范围，不保留明显量纲冲突为金标。
radar-review-001-10,kg_v3:AN/SPN-35,AN/SPN-35,,pulse_width,,0.2 microseconds,scalar,stated,0.2,,,microseconds,us,not_stated,,[],an_spn-35,https://en.wikipedia.org/wiki/AN/SPN-35,radar_corpus/raw/an_spn-35.json,3003133c4297385d574dda55ff5714ee45231c4c655b981fdf742d7d8e37f150,"{""char_end"": 16, ""char_start"": 0, ""chunk_file"": ""pipeline/v3/work/chunks.jsonl"", ""chunk_id"": ""an_spn-35#ibx"", ""chunk_line"": 135, ""end_exclusive"": true, ""json_pointer"": ""/infobox/Pulsewidth"", ""offset_unit"": ""unicode_codepoint""}",0.2 microseconds,needs_review,AI_initial_screening_not_human_verified,AI预填，未人工核验；不是金标或已接受替代事实。型号版本未明确，variant留空。快照为时间量，旧图谱却存0.3218 km。预填数值不变，仅将microseconds标作us；仍需人工核验。
radar-review-001-11,kg_v3:AN/SPG-59,AN/SPG-59,,service_entry,cancellation,Canceled 1963,event,stated,1963,,,,year,not_stated,,[],an_spg-59,https://en.wikipedia.org/wiki/AN/SPG-59,radar_corpus/raw/an_spg-59.json,2021a48450a5a861144acb2cc7721fe6a7db5da7e314baa74c3e376377214bde,"{""char_end"": 13, ""char_start"": 0, ""chunk_file"": ""pipeline/v3/work/chunks.jsonl"", ""chunk_id"": ""an_spg-59#ibx"", ""chunk_line"": 125, ""end_exclusive"": true, ""json_pointer"": ""/infobox/Introduced"", ""offset_unit"": ""unicode_codepoint""}",Canceled 1963,needs_review,AI_initial_screening_not_human_verified,AI预填，未人工核验；不是金标或已接受替代事实。型号版本未明确，variant留空。原文说Canceled，旧字段名却是service_entry；预标cancellation以提醒复核，不把取消年份解释为服役年份。
radar-review-001-12,kg_v3:EL/M-2080,EL/M-2080,,power,,"Classified, but could be used as a directed-energy device.",unknown,not_recorded,,,,,,not_stated,,[],el_m-2080,https://en.wikipedia.org/wiki/EL/M-2080_Green_Pine,radar_corpus/raw/el_m-2080.json,45b4498d4004932dc42093e6ea30e29426275917e2198914de43746109e210db,"{""char_end"": 10, ""char_start"": 0, ""chunk_file"": ""pipeline/v3/work/chunks.jsonl"", ""chunk_id"": ""el_m-2080#ibx"", ""chunk_line"": 61, ""end_exclusive"": true, ""json_pointer"": ""/infobox/Power"", ""offset_unit"": ""unicode_codepoint""}",Classified,needs_review,AI_initial_screening_not_human_verified,AI预填，未人工核验；不是金标或已接受替代事实。型号版本未明确，variant留空。快照没有给出功率数值，数值和单位留空；不把用途猜测变成数值或已证实能力。not_recorded仅描述本快照。
