table,label,metric,value,unit,source,json_pointer,derivation
source_metadata,vaisala_wrm200,title,Vaisala Weather Radar WRM200 — B210698EN-J (2021),metadata,artifacts/thesis_direction_review/radar_sources_v1/source_index.json,/sources/0/title,copied
source_metadata,vaisala_wrm200,url,https://www.vaisala.com/sites/default/files/documents/WRM200-Datasheet-B210698EN.pdf,metadata,artifacts/thesis_direction_review/radar_sources_v1/source_index.json,/sources/0/url,copied
source_metadata,vaisala_wrm200,pdf_sha256,2188ddd30f62ae11f40df29aca4d47aa0de6684a7080548dc333fe1d771256d0,metadata,artifacts/thesis_direction_review/radar_sources_v1/source_index.json,/sources/0/pdf_sha256,copied
source_metadata,vaisala_wrm200,page_count,3,metadata,artifacts/thesis_direction_review/radar_sources_v1/source_index.json,/sources/0/page_count,copied
source_metadata,vaisala_wrm200,historical_entity_or_family_seen,True,metadata,artifacts/thesis_direction_review/radar_sources_v1/source_index.json,/sources/0/historical_entity_or_family_seen,copied
source_metadata,vaisala_wrm200,questions,6,count,artifacts/thesis_direction_review/radar_sources_v1/manifest.json,/question_counts_by_source/vaisala_wrm200,copied
source_metadata,leonardo_meteor735c,title,Leonardo METEOR 735C Weather Radar — 202510-1-05,metadata,artifacts/thesis_direction_review/radar_sources_v1/source_index.json,/sources/1/title,copied
source_metadata,leonardo_meteor735c,url,https://electronics.leonardo.com/documents/16277707/18380759/METEOR%2B735C_202510-1-05.pdf/af4363a1-5aa9-55d4-b371-355f20c9f01e?t=1759766404970,metadata,artifacts/thesis_direction_review/radar_sources_v1/source_index.json,/sources/1/url,copied
source_metadata,leonardo_meteor735c,pdf_sha256,2658a83781684e36e94a552b212c458e8717e452530ca70c8721af732cfedb4d,metadata,artifacts/thesis_direction_review/radar_sources_v1/source_index.json,/sources/1/pdf_sha256,copied
source_metadata,leonardo_meteor735c,page_count,2,metadata,artifacts/thesis_direction_review/radar_sources_v1/source_index.json,/sources/1/page_count,copied
source_metadata,leonardo_meteor735c,historical_entity_or_family_seen,True,metadata,artifacts/thesis_direction_review/radar_sources_v1/source_index.json,/sources/1/historical_entity_or_family_seen,copied
source_metadata,leonardo_meteor735c,questions,6,count,artifacts/thesis_direction_review/radar_sources_v1/manifest.json,/question_counts_by_source/leonardo_meteor735c,copied
source_metadata,furuno_wr2120,title,FURUNO WR2120 Specifications — CA000001492 / G-2012PDF,metadata,artifacts/thesis_direction_review/radar_sources_v1/source_index.json,/sources/2/title,copied
source_metadata,furuno_wr2120,url,https://www.furuno.com/files/Brochure/WR2120_en_1911.pdf,metadata,artifacts/thesis_direction_review/radar_sources_v1/source_index.json,/sources/2/url,copied
source_metadata,furuno_wr2120,pdf_sha256,587f95352c788b1514714f30180730ebb9302565433cc6ffb9f466e0f0f51bd7,metadata,artifacts/thesis_direction_review/radar_sources_v1/source_index.json,/sources/2/pdf_sha256,copied
source_metadata,furuno_wr2120,page_count,4,metadata,artifacts/thesis_direction_review/radar_sources_v1/source_index.json,/sources/2/page_count,copied
source_metadata,furuno_wr2120,historical_entity_or_family_seen,True,metadata,artifacts/thesis_direction_review/radar_sources_v1/source_index.json,/sources/2/historical_entity_or_family_seen,copied
source_metadata,furuno_wr2120,questions,6,count,artifacts/thesis_direction_review/radar_sources_v1/manifest.json,/question_counts_by_source/furuno_wr2120,copied
source_metadata,jrc_jma1030,title,JRC JMA-1030 Radar — JMA-1032 and JMA-1034 Specifications,metadata,artifacts/thesis_direction_review/radar_sources_v1/source_index.json,/sources/3/title,copied
source_metadata,jrc_jma1030,url,https://www.jrc.co.jp/hubfs/jrc-corp/assets/pdf/en/product/jma1030_e_v2.pdf,metadata,artifacts/thesis_direction_review/radar_sources_v1/source_index.json,/sources/3/url,copied
source_metadata,jrc_jma1030,pdf_sha256,80679464227f9d8340578d425088c39353215a6705c5f165dac97c17b3f574be,metadata,artifacts/thesis_direction_review/radar_sources_v1/source_index.json,/sources/3/pdf_sha256,copied
source_metadata,jrc_jma1030,page_count,6,metadata,artifacts/thesis_direction_review/radar_sources_v1/source_index.json,/sources/3/page_count,copied
source_metadata,jrc_jma1030,historical_entity_or_family_seen,False,metadata,artifacts/thesis_direction_review/radar_sources_v1/source_index.json,/sources/3/historical_entity_or_family_seen,copied
source_metadata,jrc_jma1030,questions,6,count,artifacts/thesis_direction_review/radar_sources_v1/manifest.json,/question_counts_by_source/jrc_jma1030,copied
source_dataset,all,source_count,4,count,artifacts/thesis_direction_review/radar_sources_v1/manifest.json,/source_count,copied
source_dataset,all,family_count,4,count,artifacts/thesis_direction_review/radar_sources_v1/manifest.json,/family_count,copied
source_dataset,all,entity_count,5,count,artifacts/thesis_direction_review/radar_sources_v1/manifest.json,/entity_count,copied
source_dataset,all,chunk_count,15,count,artifacts/thesis_direction_review/radar_sources_v1/manifest.json,/chunk_count,copied
source_dataset,all,record_count,62,count,artifacts/thesis_direction_review/radar_sources_v1/manifest.json,/record_count,copied
source_dataset,all,question_count,24,count,artifacts/thesis_direction_review/radar_sources_v1/manifest.json,/question_count,copied
source_dataset,all,qualified_question_count,8,count,artifacts/thesis_direction_review/radar_sources_v1/manifest.json,/qualified_question_count,copied
source_dataset,options,records,1,count,artifacts/thesis_direction_review/radar_sources_v1/manifest.json,/record_counts_by_value_kind/options,copied
source_dataset,range,records,10,count,artifacts/thesis_direction_review/radar_sources_v1/manifest.json,/record_counts_by_value_kind/range,copied
source_dataset,scalar,records,40,count,artifacts/thesis_direction_review/radar_sources_v1/manifest.json,/record_counts_by_value_kind/scalar,copied
source_dataset,text,records,11,count,artifacts/thesis_direction_review/radar_sources_v1/manifest.json,/record_counts_by_value_kind/text,copied
synthetic_split,train,groups,60,count,artifacts/thesis_direction_review/radar_interface_synthetic_v1/manifest.json,/split_counts/train/groups,copied
synthetic_split,train,questions,120,count,artifacts/thesis_direction_review/radar_interface_synthetic_v1/manifest.json,/split_counts/train/questions,copied
synthetic_split,dev,groups,20,count,artifacts/thesis_direction_review/radar_interface_synthetic_v1/manifest.json,/split_counts/dev/groups,copied
synthetic_split,dev,questions,40,count,artifacts/thesis_direction_review/radar_interface_synthetic_v1/manifest.json,/split_counts/dev/questions,copied
synthetic_split,holdout,groups,20,count,artifacts/thesis_direction_review/radar_interface_synthetic_v1/manifest.json,/split_counts/holdout/groups,copied
synthetic_split,holdout,questions,40,count,artifacts/thesis_direction_review/radar_interface_synthetic_v1/manifest.json,/split_counts/holdout/questions,copied
direct_transfer,P_zh,questions,12,count,results/radar_domain/lookup_probe_v1/stage_decision.json,/counts/P_zh/questions,copied
direct_transfer,P_zh,exact,1,count,results/radar_domain/lookup_probe_v1/stage_decision.json,/counts/P_zh/exact,copied
direct_transfer,P_zh,finished_including_empty,2,count,results/radar_domain/lookup_probe_v1/stage_decision.json,/counts/P_zh/finished_including_empty,copied
direct_transfer,P_zh,empty,1,count,results/radar_domain/lookup_probe_v1/stage_decision.json,/counts/P_zh/empty,copied
direct_transfer,P_zh,has_argument_error,5,count,results/radar_domain/lookup_probe_v1/stage_decision.json,/counts/P_zh/has_argument_error,copied
direct_transfer,P_zh,target_returned_but_lost,0,count,results/radar_domain/lookup_probe_v1/stage_decision.json,/counts/P_zh/target_returned_but_lost,copied
direct_transfer,P_en,questions,12,count,results/radar_domain/lookup_probe_v1/stage_decision.json,/counts/P_en/questions,copied
direct_transfer,P_en,exact,1,count,results/radar_domain/lookup_probe_v1/stage_decision.json,/counts/P_en/exact,copied
direct_transfer,P_en,finished_including_empty,6,count,results/radar_domain/lookup_probe_v1/stage_decision.json,/counts/P_en/finished_including_empty,copied
direct_transfer,P_en,empty,5,count,results/radar_domain/lookup_probe_v1/stage_decision.json,/counts/P_en/empty,copied
direct_transfer,P_en,has_argument_error,4,count,results/radar_domain/lookup_probe_v1/stage_decision.json,/counts/P_en/has_argument_error,copied
direct_transfer,P_en,target_returned_but_lost,0,count,results/radar_domain/lookup_probe_v1/stage_decision.json,/counts/P_en/target_returned_but_lost,copied
common_adaptation,P,synthetic_before_exact_out_of_40,1,count,results/radar_domain/interface_adapt_v1/review.json,/results/P/synthetic_before_exact_out_of_40,copied
common_adaptation,P,synthetic_after_exact_out_of_40,40,count,results/radar_domain/interface_adapt_v1/review.json,/results/P/synthetic_after_exact_out_of_40,copied
common_adaptation,P,seen_radar_after_zh_exact_out_of_12,11,count,results/radar_domain/interface_adapt_v1/review.json,/results/P/seen_radar_after_zh_exact_out_of_12,copied
common_adaptation,P,seen_radar_after_en_exact_out_of_12,11,count,results/radar_domain/interface_adapt_v1/review.json,/results/P/seen_radar_after_en_exact_out_of_12,copied
adaptation_training,P,actual_supervised_tokens,21000,count,results/radar_domain/interface_adapt_v1/review.json,/training/P/actual_supervised_tokens,copied
adaptation_training,P,actual_input_tokens,321350,count,results/radar_domain/interface_adapt_v1/review.json,/training/P/actual_input_tokens,copied
adaptation_training,P,sampled_examples,600,count,results/radar_domain/interface_adapt_v1/review.json,/training/P/sampled_examples,copied
adaptation_training,P,microbatches,300,count,results/radar_domain/interface_adapt_v1/review.json,/training/P/microbatches,copied
adaptation_training,P,global_step,40,count,results/radar_domain/interface_adapt_v1/review.json,/training/P/global_step,copied
adaptation_training,P,seed,20261003,count,results/radar_domain/interface_adapt_v1/review.json,/training/P/seed,copied
adaptation_training,P,train_loss,0.04166873645481246,loss,results/radar_domain/interface_adapt_v1/review.json,/training/P/train_loss,copied
direct_transfer,A1_zh,questions,12,count,results/radar_domain/lookup_probe_v1/stage_decision.json,/counts/A1_zh/questions,copied
direct_transfer,A1_zh,exact,1,count,results/radar_domain/lookup_probe_v1/stage_decision.json,/counts/A1_zh/exact,copied
direct_transfer,A1_zh,finished_including_empty,1,count,results/radar_domain/lookup_probe_v1/stage_decision.json,/counts/A1_zh/finished_including_empty,copied
direct_transfer,A1_zh,empty,0,count,results/radar_domain/lookup_probe_v1/stage_decision.json,/counts/A1_zh/empty,copied
direct_transfer,A1_zh,has_argument_error,12,count,results/radar_domain/lookup_probe_v1/stage_decision.json,/counts/A1_zh/has_argument_error,copied
direct_transfer,A1_zh,target_returned_but_lost,0,count,results/radar_domain/lookup_probe_v1/stage_decision.json,/counts/A1_zh/target_returned_but_lost,copied
direct_transfer,A1_en,questions,12,count,results/radar_domain/lookup_probe_v1/stage_decision.json,/counts/A1_en/questions,copied
direct_transfer,A1_en,exact,1,count,results/radar_domain/lookup_probe_v1/stage_decision.json,/counts/A1_en/exact,copied
direct_transfer,A1_en,finished_including_empty,1,count,results/radar_domain/lookup_probe_v1/stage_decision.json,/counts/A1_en/finished_including_empty,copied
direct_transfer,A1_en,empty,0,count,results/radar_domain/lookup_probe_v1/stage_decision.json,/counts/A1_en/empty,copied
direct_transfer,A1_en,has_argument_error,12,count,results/radar_domain/lookup_probe_v1/stage_decision.json,/counts/A1_en/has_argument_error,copied
direct_transfer,A1_en,target_returned_but_lost,0,count,results/radar_domain/lookup_probe_v1/stage_decision.json,/counts/A1_en/target_returned_but_lost,copied
common_adaptation,A1,synthetic_before_exact_out_of_40,0,count,results/radar_domain/interface_adapt_v1/review.json,/results/A1/synthetic_before_exact_out_of_40,copied
common_adaptation,A1,synthetic_after_exact_out_of_40,39,count,results/radar_domain/interface_adapt_v1/review.json,/results/A1/synthetic_after_exact_out_of_40,copied
common_adaptation,A1,seen_radar_after_zh_exact_out_of_12,12,count,results/radar_domain/interface_adapt_v1/review.json,/results/A1/seen_radar_after_zh_exact_out_of_12,copied
common_adaptation,A1,seen_radar_after_en_exact_out_of_12,12,count,results/radar_domain/interface_adapt_v1/review.json,/results/A1/seen_radar_after_en_exact_out_of_12,copied
adaptation_training,A1,actual_supervised_tokens,48670,count,results/radar_domain/interface_adapt_v1/review.json,/training/A1/actual_supervised_tokens,copied
adaptation_training,A1,actual_input_tokens,1162990,count,results/radar_domain/interface_adapt_v1/review.json,/training/A1/actual_input_tokens,copied
adaptation_training,A1,sampled_examples,600,count,results/radar_domain/interface_adapt_v1/review.json,/training/A1/sampled_examples,copied
adaptation_training,A1,microbatches,300,count,results/radar_domain/interface_adapt_v1/review.json,/training/A1/microbatches,copied
adaptation_training,A1,global_step,40,count,results/radar_domain/interface_adapt_v1/review.json,/training/A1/global_step,copied
adaptation_training,A1,seed,20261003,count,results/radar_domain/interface_adapt_v1/review.json,/training/A1/seed,copied
adaptation_training,A1,train_loss,0.017585187992517605,loss,results/radar_domain/interface_adapt_v1/review.json,/training/A1/train_loss,copied
direct_transfer,C1_zh,questions,12,count,results/radar_domain/lookup_probe_v1/stage_decision.json,/counts/C1_zh/questions,copied
direct_transfer,C1_zh,exact,2,count,results/radar_domain/lookup_probe_v1/stage_decision.json,/counts/C1_zh/exact,copied
direct_transfer,C1_zh,finished_including_empty,5,count,results/radar_domain/lookup_probe_v1/stage_decision.json,/counts/C1_zh/finished_including_empty,copied
direct_transfer,C1_zh,empty,3,count,results/radar_domain/lookup_probe_v1/stage_decision.json,/counts/C1_zh/empty,copied
direct_transfer,C1_zh,has_argument_error,10,count,results/radar_domain/lookup_probe_v1/stage_decision.json,/counts/C1_zh/has_argument_error,copied
direct_transfer,C1_zh,target_returned_but_lost,0,count,results/radar_domain/lookup_probe_v1/stage_decision.json,/counts/C1_zh/target_returned_but_lost,copied
direct_transfer,C1_en,questions,12,count,results/radar_domain/lookup_probe_v1/stage_decision.json,/counts/C1_en/questions,copied
direct_transfer,C1_en,exact,2,count,results/radar_domain/lookup_probe_v1/stage_decision.json,/counts/C1_en/exact,copied
direct_transfer,C1_en,finished_including_empty,4,count,results/radar_domain/lookup_probe_v1/stage_decision.json,/counts/C1_en/finished_including_empty,copied
direct_transfer,C1_en,empty,1,count,results/radar_domain/lookup_probe_v1/stage_decision.json,/counts/C1_en/empty,copied
direct_transfer,C1_en,has_argument_error,9,count,results/radar_domain/lookup_probe_v1/stage_decision.json,/counts/C1_en/has_argument_error,copied
direct_transfer,C1_en,target_returned_but_lost,0,count,results/radar_domain/lookup_probe_v1/stage_decision.json,/counts/C1_en/target_returned_but_lost,copied
common_adaptation,C1,synthetic_before_exact_out_of_40,7,count,results/radar_domain/interface_adapt_v1/review.json,/results/C1/synthetic_before_exact_out_of_40,copied
common_adaptation,C1,synthetic_after_exact_out_of_40,40,count,results/radar_domain/interface_adapt_v1/review.json,/results/C1/synthetic_after_exact_out_of_40,copied
common_adaptation,C1,seen_radar_after_zh_exact_out_of_12,12,count,results/radar_domain/interface_adapt_v1/review.json,/results/C1/seen_radar_after_zh_exact_out_of_12,copied
common_adaptation,C1,seen_radar_after_en_exact_out_of_12,12,count,results/radar_domain/interface_adapt_v1/review.json,/results/C1/seen_radar_after_en_exact_out_of_12,copied
adaptation_training,C1,actual_supervised_tokens,48670,count,results/radar_domain/interface_adapt_v1/review.json,/training/C1/actual_supervised_tokens,copied
adaptation_training,C1,actual_input_tokens,1162990,count,results/radar_domain/interface_adapt_v1/review.json,/training/C1/actual_input_tokens,copied
adaptation_training,C1,sampled_examples,600,count,results/radar_domain/interface_adapt_v1/review.json,/training/C1/sampled_examples,copied
adaptation_training,C1,microbatches,300,count,results/radar_domain/interface_adapt_v1/review.json,/training/C1/microbatches,copied
adaptation_training,C1,global_step,40,count,results/radar_domain/interface_adapt_v1/review.json,/training/C1/global_step,copied
adaptation_training,C1,seed,20261003,count,results/radar_domain/interface_adapt_v1/review.json,/training/C1/seed,copied
adaptation_training,C1,train_loss,0.013593383799889124,loss,results/radar_domain/interface_adapt_v1/review.json,/training/C1/train_loss,copied
direct_transfer,A2_zh,questions,12,count,results/radar_domain/lookup_probe_v1/stage_decision.json,/counts/A2_zh/questions,copied
direct_transfer,A2_zh,exact,3,count,results/radar_domain/lookup_probe_v1/stage_decision.json,/counts/A2_zh/exact,copied
direct_transfer,A2_zh,finished_including_empty,7,count,results/radar_domain/lookup_probe_v1/stage_decision.json,/counts/A2_zh/finished_including_empty,copied
direct_transfer,A2_zh,empty,3,count,results/radar_domain/lookup_probe_v1/stage_decision.json,/counts/A2_zh/empty,copied
direct_transfer,A2_zh,has_argument_error,5,count,results/radar_domain/lookup_probe_v1/stage_decision.json,/counts/A2_zh/has_argument_error,copied
direct_transfer,A2_zh,target_returned_but_lost,0,count,results/radar_domain/lookup_probe_v1/stage_decision.json,/counts/A2_zh/target_returned_but_lost,copied
direct_transfer,A2_en,questions,12,count,results/radar_domain/lookup_probe_v1/stage_decision.json,/counts/A2_en/questions,copied
direct_transfer,A2_en,exact,3,count,results/radar_domain/lookup_probe_v1/stage_decision.json,/counts/A2_en/exact,copied
direct_transfer,A2_en,finished_including_empty,4,count,results/radar_domain/lookup_probe_v1/stage_decision.json,/counts/A2_en/finished_including_empty,copied
direct_transfer,A2_en,empty,1,count,results/radar_domain/lookup_probe_v1/stage_decision.json,/counts/A2_en/empty,copied
direct_transfer,A2_en,has_argument_error,11,count,results/radar_domain/lookup_probe_v1/stage_decision.json,/counts/A2_en/has_argument_error,copied
direct_transfer,A2_en,target_returned_but_lost,0,count,results/radar_domain/lookup_probe_v1/stage_decision.json,/counts/A2_en/target_returned_but_lost,copied
common_adaptation,A2,synthetic_before_exact_out_of_40,3,count,results/radar_domain/interface_adapt_v1/review.json,/results/A2/synthetic_before_exact_out_of_40,copied
common_adaptation,A2,synthetic_after_exact_out_of_40,40,count,results/radar_domain/interface_adapt_v1/review.json,/results/A2/synthetic_after_exact_out_of_40,copied
common_adaptation,A2,seen_radar_after_zh_exact_out_of_12,12,count,results/radar_domain/interface_adapt_v1/review.json,/results/A2/seen_radar_after_zh_exact_out_of_12,copied
common_adaptation,A2,seen_radar_after_en_exact_out_of_12,12,count,results/radar_domain/interface_adapt_v1/review.json,/results/A2/seen_radar_after_en_exact_out_of_12,copied
adaptation_training,A2,actual_supervised_tokens,48670,count,results/radar_domain/interface_adapt_v1/review.json,/training/A2/actual_supervised_tokens,copied
adaptation_training,A2,actual_input_tokens,1162990,count,results/radar_domain/interface_adapt_v1/review.json,/training/A2/actual_input_tokens,copied
adaptation_training,A2,sampled_examples,600,count,results/radar_domain/interface_adapt_v1/review.json,/training/A2/sampled_examples,copied
adaptation_training,A2,microbatches,300,count,results/radar_domain/interface_adapt_v1/review.json,/training/A2/microbatches,copied
adaptation_training,A2,global_step,40,count,results/radar_domain/interface_adapt_v1/review.json,/training/A2/global_step,copied
adaptation_training,A2,seed,20261004,count,results/radar_domain/interface_adapt_v1/review.json,/training/A2/seed,copied
adaptation_training,A2,train_loss,0.01352637011987099,loss,results/radar_domain/interface_adapt_v1/review.json,/training/A2/train_loss,copied
direct_transfer,C2_zh,questions,12,count,results/radar_domain/lookup_probe_v1/stage_decision.json,/counts/C2_zh/questions,copied
direct_transfer,C2_zh,exact,0,count,results/radar_domain/lookup_probe_v1/stage_decision.json,/counts/C2_zh/exact,copied
direct_transfer,C2_zh,finished_including_empty,2,count,results/radar_domain/lookup_probe_v1/stage_decision.json,/counts/C2_zh/finished_including_empty,copied
direct_transfer,C2_zh,empty,2,count,results/radar_domain/lookup_probe_v1/stage_decision.json,/counts/C2_zh/empty,copied
direct_transfer,C2_zh,has_argument_error,12,count,results/radar_domain/lookup_probe_v1/stage_decision.json,/counts/C2_zh/has_argument_error,copied
direct_transfer,C2_zh,target_returned_but_lost,0,count,results/radar_domain/lookup_probe_v1/stage_decision.json,/counts/C2_zh/target_returned_but_lost,copied
direct_transfer,C2_en,questions,12,count,results/radar_domain/lookup_probe_v1/stage_decision.json,/counts/C2_en/questions,copied
direct_transfer,C2_en,exact,0,count,results/radar_domain/lookup_probe_v1/stage_decision.json,/counts/C2_en/exact,copied
direct_transfer,C2_en,finished_including_empty,0,count,results/radar_domain/lookup_probe_v1/stage_decision.json,/counts/C2_en/finished_including_empty,copied
direct_transfer,C2_en,empty,0,count,results/radar_domain/lookup_probe_v1/stage_decision.json,/counts/C2_en/empty,copied
direct_transfer,C2_en,has_argument_error,12,count,results/radar_domain/lookup_probe_v1/stage_decision.json,/counts/C2_en/has_argument_error,copied
direct_transfer,C2_en,target_returned_but_lost,0,count,results/radar_domain/lookup_probe_v1/stage_decision.json,/counts/C2_en/target_returned_but_lost,copied
common_adaptation,C2,synthetic_before_exact_out_of_40,8,count,results/radar_domain/interface_adapt_v1/review.json,/results/C2/synthetic_before_exact_out_of_40,copied
common_adaptation,C2,synthetic_after_exact_out_of_40,40,count,results/radar_domain/interface_adapt_v1/review.json,/results/C2/synthetic_after_exact_out_of_40,copied
common_adaptation,C2,seen_radar_after_zh_exact_out_of_12,12,count,results/radar_domain/interface_adapt_v1/review.json,/results/C2/seen_radar_after_zh_exact_out_of_12,copied
common_adaptation,C2,seen_radar_after_en_exact_out_of_12,11,count,results/radar_domain/interface_adapt_v1/review.json,/results/C2/seen_radar_after_en_exact_out_of_12,copied
adaptation_training,C2,actual_supervised_tokens,48670,count,results/radar_domain/interface_adapt_v1/review.json,/training/C2/actual_supervised_tokens,copied
adaptation_training,C2,actual_input_tokens,1162990,count,results/radar_domain/interface_adapt_v1/review.json,/training/C2/actual_input_tokens,copied
adaptation_training,C2,sampled_examples,600,count,results/radar_domain/interface_adapt_v1/review.json,/training/C2/sampled_examples,copied
adaptation_training,C2,microbatches,300,count,results/radar_domain/interface_adapt_v1/review.json,/training/C2/microbatches,copied
adaptation_training,C2,global_step,40,count,results/radar_domain/interface_adapt_v1/review.json,/training/C2/global_step,copied
adaptation_training,C2,seed,20261004,count,results/radar_domain/interface_adapt_v1/review.json,/training/C2/seed,copied
adaptation_training,C2,train_loss,0.015272569787703106,loss,results/radar_domain/interface_adapt_v1/review.json,/training/C2/train_loss,copied
adaptation_setup,all,epochs,5,configuration,results/radar_domain/interface_adapt_v1/protocol.json,/config/epochs,copied
adaptation_setup,all,learning_rate,5e-05,configuration,results/radar_domain/interface_adapt_v1/protocol.json,/config/learning_rate,copied
adaptation_setup,all,batch_size,2,configuration,results/radar_domain/interface_adapt_v1/protocol.json,/config/batch_size,copied
adaptation_setup,all,accumulation,8,configuration,results/radar_domain/interface_adapt_v1/protocol.json,/config/accumulation,copied
adaptation_setup,all,max_length,8192,configuration,results/radar_domain/interface_adapt_v1/protocol.json,/config/max_length,copied
adaptation_setup,all,warmup_steps,0,configuration,results/radar_domain/interface_adapt_v1/protocol.json,/config/warmup_steps,copied
adaptation_setup,all,weight_decay,0.0,configuration,results/radar_domain/interface_adapt_v1/protocol.json,/config/weight_decay,copied
adaptation_setup,all,lr_scheduler_type,linear,configuration,results/radar_domain/interface_adapt_v1/protocol.json,/config/lr_scheduler_type,copied
adaptation_setup,all,optimizer,adamw_torch,configuration,results/radar_domain/interface_adapt_v1/protocol.json,/config/optimizer,copied
adaptation_setup,all,bf16,True,configuration,results/radar_domain/interface_adapt_v1/protocol.json,/config/bf16,copied
adaptation_setup,all,tf32,True,configuration,results/radar_domain/interface_adapt_v1/protocol.json,/config/tf32,copied
adaptation_setup,all,gradient_checkpointing,True,configuration,results/radar_domain/interface_adapt_v1/protocol.json,/config/gradient_checkpointing,copied
adaptation_setup,all,max_grad_norm,1.0,configuration,results/radar_domain/interface_adapt_v1/protocol.json,/config/max_grad_norm,copied
source_job_cost,A1_select,gpu_hours,0.019986526833640203,GPU-hour,results/radar_domain/source_eval_v1/execution_summary.json,/jobs/0/gpu_hours,copied
source_job_cost,P_select,gpu_hours,0.003646557132403056,GPU-hour,results/radar_domain/source_eval_v1/execution_summary.json,/jobs/1/gpu_hours,copied
source_job_cost,C1_select,gpu_hours,0.01260922114054362,GPU-hour,results/radar_domain/source_eval_v1/execution_summary.json,/jobs/2/gpu_hours,copied
source_job_cost,A2_select,gpu_hours,0.014330282012621562,GPU-hour,results/radar_domain/source_eval_v1/execution_summary.json,/jobs/3/gpu_hours,copied
source_job_cost,C2_select,gpu_hours,0.009051432609558105,GPU-hour,results/radar_domain/source_eval_v1/execution_summary.json,/jobs/4/gpu_hours,copied
source_job_cost,RAG_answer,gpu_hours,0.01201080494456821,GPU-hour,results/radar_domain/source_eval_v1/execution_summary.json,/jobs/5/gpu_hours,copied
source_job_cost,C2_answer,gpu_hours,0.0061755194928910994,GPU-hour,results/radar_domain/source_eval_v1/execution_summary.json,/jobs/6/gpu_hours,copied
source_job_cost,P_answer,gpu_hours,0.00607810291979048,GPU-hour,results/radar_domain/source_eval_v1/execution_summary.json,/jobs/7/gpu_hours,copied
source_job_cost,A1_answer,gpu_hours,0.0065640668736563785,GPU-hour,results/radar_domain/source_eval_v1/execution_summary.json,/jobs/8/gpu_hours,copied
source_job_cost,C1_answer,gpu_hours,0.006175061398082309,GPU-hour,results/radar_domain/source_eval_v1/execution_summary.json,/jobs/9/gpu_hours,copied
source_job_cost,A2_answer,gpu_hours,0.0062307917409472995,GPU-hour,results/radar_domain/source_eval_v1/execution_summary.json,/jobs/10/gpu_hours,copied
source_runtime_tokens,RAG_answer,input_tokens,84126,token,results/radar_domain/source_eval_v1/mechanical_summary.json,/runs/RAG/answer_runtime/totals/input_tokens,copied
source_runtime_tokens,RAG_answer,generated_tokens,4394,token,results/radar_domain/source_eval_v1/mechanical_summary.json,/runs/RAG/answer_runtime/totals/generated_tokens,copied
source_runtime_tokens,RAG_answer,total_tokens,88520,token,results/radar_domain/source_eval_v1/mechanical_summary.json,/runs/RAG/answer_runtime/totals/total_tokens,copied
source_semantic,RAG,questions,24,count,results/radar_domain/source_eval_v1/ai_semantic_summary.json,/arms/RAG/adjudicated/questions,copied
source_semantic,RAG,answer_correct,13,count,results/radar_domain/source_eval_v1/ai_semantic_summary.json,/arms/RAG/adjudicated/answer_correct,copied
source_semantic,RAG,answer_supported,16,count,results/radar_domain/source_eval_v1/ai_semantic_summary.json,/arms/RAG/adjudicated/answer_supported,copied
source_semantic,RAG,citations_support_answer,9,count,results/radar_domain/source_eval_v1/ai_semantic_summary.json,/arms/RAG/adjudicated/citations_support_answer,copied
source_semantic,RAG,correct_and_supported,13,count,results/radar_domain/source_eval_v1/ai_semantic_summary.json,/arms/RAG/adjudicated/correct_and_supported,copied
source_semantic,RAG,correct_supported_and_cited,9,count,results/radar_domain/source_eval_v1/ai_semantic_summary.json,/arms/RAG/adjudicated/correct_supported_and_cited,copied
source_semantic,RAG,qualified_questions,8,count,results/radar_domain/source_eval_v1/ai_semantic_summary.json,/arms/RAG/adjudicated/qualified_questions,copied
source_semantic,RAG,qualified_conditions_preserved,4,count,results/radar_domain/source_eval_v1/ai_semantic_summary.json,/arms/RAG/adjudicated/qualified_conditions_preserved,copied
source_semantic,RAG,qualified_condition_not_applicable,0,count,results/radar_domain/source_eval_v1/ai_semantic_summary.json,/arms/RAG/adjudicated/qualified_condition_not_applicable,copied
source_semantic,RAG,posthoc_reference_condition_questions,9,count,results/radar_domain/source_eval_v1/ai_semantic_summary.json,/arms/RAG/adjudicated/posthoc_reference_condition_questions,copied
source_semantic,RAG,posthoc_reference_conditions_preserved,4,count,results/radar_domain/source_eval_v1/ai_semantic_summary.json,/arms/RAG/adjudicated/posthoc_reference_conditions_preserved,copied
source_mechanical,RAG,json_contract_valid,18,count,results/radar_domain/source_eval_v1/mechanical_summary.json,/runs/RAG/counts/json_contract_valid,copied
source_mechanical,RAG,all_required_chunks_available,23,count,results/radar_domain/source_eval_v1/mechanical_summary.json,/runs/RAG/counts/all_required_chunks_available,copied
source_mechanical,RAG,strict_reference_claims_recalled,0,count,results/radar_domain/source_eval_v1/mechanical_summary.json,/runs/RAG/counts/strict_reference_claims_recalled,copied
source_mechanical,RAG,strict_reference_claim_set_equal,0,count,results/radar_domain/source_eval_v1/mechanical_summary.json,/runs/RAG/counts/strict_reference_claim_set_equal,copied
source_tokens,RAG,selection,0,token,results/radar_domain/source_eval_v1/ai_semantic_summary.json,/arms/RAG/tokens/selection,copied
source_tokens,RAG,answer,88520,token,results/radar_domain/source_eval_v1/ai_semantic_summary.json,/arms/RAG/tokens/answer,copied
source_tokens,RAG,total,88520,token,results/radar_domain/source_eval_v1/ai_semantic_summary.json,/arms/RAG/tokens/total,copied
source_semantic,RAG,answer_accuracy_percent,54.166666666666664,percent,results/radar_domain/source_eval_v1/ai_semantic_summary.json,/arms/RAG/adjudicated,100 * answer_correct / questions
source_cost,RAG,gpu_hours,0.01201080494456821,GPU-hour,results/radar_domain/source_eval_v1/execution_summary.json,/jobs,sum(gpu_hours) where job.label equals this arm; includes selection and answer jobs
source_failure_stage,RAG,missing_required_evidence_page,1,count,results/radar_domain/source_eval_v1/ai_semantic_summary.json,/arms/RAG/incorrect_answer_partition/missing_required_evidence_page,copied
source_failure_stage,RAG,required_pages_present_but_answer_incorrect,10,count,results/radar_domain/source_eval_v1/ai_semantic_summary.json,/arms/RAG/incorrect_answer_partition/required_pages_present_but_answer_incorrect,copied
source_groups,RAG_vaisala_wrm200,answer_correct,5,count,results/radar_domain/source_eval_v1/ai_semantic_summary.json,/arms/RAG/by_source/vaisala_wrm200/answer_correct,copied
source_groups,RAG_leonardo_meteor735c,answer_correct,2,count,results/radar_domain/source_eval_v1/ai_semantic_summary.json,/arms/RAG/by_source/leonardo_meteor735c/answer_correct,copied
source_groups,RAG_furuno_wr2120,answer_correct,4,count,results/radar_domain/source_eval_v1/ai_semantic_summary.json,/arms/RAG/by_source/furuno_wr2120/answer_correct,copied
source_groups,RAG_jrc_jma1030,answer_correct,2,count,results/radar_domain/source_eval_v1/ai_semantic_summary.json,/arms/RAG/by_source/jrc_jma1030/answer_correct,copied
source_runtime_tokens,P_answer,input_tokens,29955,token,results/radar_domain/source_eval_v1/mechanical_summary.json,/runs/P/answer_runtime/totals/input_tokens,copied
source_runtime_tokens,P_answer,generated_tokens,4300,token,results/radar_domain/source_eval_v1/mechanical_summary.json,/runs/P/answer_runtime/totals/generated_tokens,copied
source_runtime_tokens,P_answer,total_tokens,34255,token,results/radar_domain/source_eval_v1/mechanical_summary.json,/runs/P/answer_runtime/totals/total_tokens,copied
source_runtime_tokens,P_selection,input_tokens,13537,token,results/radar_domain/source_eval_v1/mechanical_summary.json,/runs/P/selection_runtime/totals/input_tokens,copied
source_runtime_tokens,P_selection,generated_tokens,576,token,results/radar_domain/source_eval_v1/mechanical_summary.json,/runs/P/selection_runtime/totals/generated_tokens,copied
source_runtime_tokens,P_selection,total_tokens,14113,token,results/radar_domain/source_eval_v1/mechanical_summary.json,/runs/P/selection_runtime/totals/total_tokens,copied
source_semantic,P,questions,24,count,results/radar_domain/source_eval_v1/ai_semantic_summary.json,/arms/P/adjudicated/questions,copied
source_semantic,P,answer_correct,13,count,results/radar_domain/source_eval_v1/ai_semantic_summary.json,/arms/P/adjudicated/answer_correct,copied
source_semantic,P,answer_supported,16,count,results/radar_domain/source_eval_v1/ai_semantic_summary.json,/arms/P/adjudicated/answer_supported,copied
source_semantic,P,citations_support_answer,14,count,results/radar_domain/source_eval_v1/ai_semantic_summary.json,/arms/P/adjudicated/citations_support_answer,copied
source_semantic,P,correct_and_supported,13,count,results/radar_domain/source_eval_v1/ai_semantic_summary.json,/arms/P/adjudicated/correct_and_supported,copied
source_semantic,P,correct_supported_and_cited,13,count,results/radar_domain/source_eval_v1/ai_semantic_summary.json,/arms/P/adjudicated/correct_supported_and_cited,copied
source_semantic,P,qualified_questions,8,count,results/radar_domain/source_eval_v1/ai_semantic_summary.json,/arms/P/adjudicated/qualified_questions,copied
source_semantic,P,qualified_conditions_preserved,6,count,results/radar_domain/source_eval_v1/ai_semantic_summary.json,/arms/P/adjudicated/qualified_conditions_preserved,copied
source_semantic,P,qualified_condition_not_applicable,0,count,results/radar_domain/source_eval_v1/ai_semantic_summary.json,/arms/P/adjudicated/qualified_condition_not_applicable,copied
source_semantic,P,posthoc_reference_condition_questions,9,count,results/radar_domain/source_eval_v1/ai_semantic_summary.json,/arms/P/adjudicated/posthoc_reference_condition_questions,copied
source_semantic,P,posthoc_reference_conditions_preserved,6,count,results/radar_domain/source_eval_v1/ai_semantic_summary.json,/arms/P/adjudicated/posthoc_reference_conditions_preserved,copied
source_mechanical,P,json_contract_valid,16,count,results/radar_domain/source_eval_v1/mechanical_summary.json,/runs/P/counts/json_contract_valid,copied
source_mechanical,P,all_required_chunks_available,19,count,results/radar_domain/source_eval_v1/mechanical_summary.json,/runs/P/counts/all_required_chunks_available,copied
source_mechanical,P,strict_reference_claims_recalled,0,count,results/radar_domain/source_eval_v1/mechanical_summary.json,/runs/P/counts/strict_reference_claims_recalled,copied
source_mechanical,P,strict_reference_claim_set_equal,0,count,results/radar_domain/source_eval_v1/mechanical_summary.json,/runs/P/counts/strict_reference_claim_set_equal,copied
source_mechanical,P,exact_record_selection,15,count,results/radar_domain/source_eval_v1/mechanical_summary.json,/runs/P/counts/exact_record_selection,copied
source_mechanical,P,finished_selection,21,count,results/radar_domain/source_eval_v1/mechanical_summary.json,/runs/P/counts/finished_selection,copied
source_tokens,P,selection,14113,token,results/radar_domain/source_eval_v1/ai_semantic_summary.json,/arms/P/tokens/selection,copied
source_tokens,P,answer,34255,token,results/radar_domain/source_eval_v1/ai_semantic_summary.json,/arms/P/tokens/answer,copied
source_tokens,P,total,48368,token,results/radar_domain/source_eval_v1/ai_semantic_summary.json,/arms/P/tokens/total,copied
source_semantic,P,answer_accuracy_percent,54.166666666666664,percent,results/radar_domain/source_eval_v1/ai_semantic_summary.json,/arms/P/adjudicated,100 * answer_correct / questions
source_cost,P,gpu_hours,0.009724660052193536,GPU-hour,results/radar_domain/source_eval_v1/execution_summary.json,/jobs,sum(gpu_hours) where job.label equals this arm; includes selection and answer jobs
source_failure_stage,P,missing_required_evidence_page,5,count,results/radar_domain/source_eval_v1/ai_semantic_summary.json,/arms/P/incorrect_answer_partition/missing_required_evidence_page,copied
source_failure_stage,P,required_pages_present_but_answer_incorrect,6,count,results/radar_domain/source_eval_v1/ai_semantic_summary.json,/arms/P/incorrect_answer_partition/required_pages_present_but_answer_incorrect,copied
source_groups,P_vaisala_wrm200,answer_correct,5,count,results/radar_domain/source_eval_v1/ai_semantic_summary.json,/arms/P/by_source/vaisala_wrm200/answer_correct,copied
source_groups,P_leonardo_meteor735c,answer_correct,3,count,results/radar_domain/source_eval_v1/ai_semantic_summary.json,/arms/P/by_source/leonardo_meteor735c/answer_correct,copied
source_groups,P_furuno_wr2120,answer_correct,3,count,results/radar_domain/source_eval_v1/ai_semantic_summary.json,/arms/P/by_source/furuno_wr2120/answer_correct,copied
source_groups,P_jrc_jma1030,answer_correct,2,count,results/radar_domain/source_eval_v1/ai_semantic_summary.json,/arms/P/by_source/jrc_jma1030/answer_correct,copied
source_runtime_tokens,A1_answer,input_tokens,33598,token,results/radar_domain/source_eval_v1/mechanical_summary.json,/runs/A1/answer_runtime/totals/input_tokens,copied
source_runtime_tokens,A1_answer,generated_tokens,4380,token,results/radar_domain/source_eval_v1/mechanical_summary.json,/runs/A1/answer_runtime/totals/generated_tokens,copied
source_runtime_tokens,A1_answer,total_tokens,37978,token,results/radar_domain/source_eval_v1/mechanical_summary.json,/runs/A1/answer_runtime/totals/total_tokens,copied
source_runtime_tokens,A1_selection,input_tokens,171892,token,results/radar_domain/source_eval_v1/mechanical_summary.json,/runs/A1/selection_runtime/totals/input_tokens,copied
source_runtime_tokens,A1_selection,generated_tokens,2781,token,results/radar_domain/source_eval_v1/mechanical_summary.json,/runs/A1/selection_runtime/totals/generated_tokens,copied
source_runtime_tokens,A1_selection,total_tokens,174673,token,results/radar_domain/source_eval_v1/mechanical_summary.json,/runs/A1/selection_runtime/totals/total_tokens,copied
source_semantic,A1,questions,24,count,results/radar_domain/source_eval_v1/ai_semantic_summary.json,/arms/A1/adjudicated/questions,copied
source_semantic,A1,answer_correct,16,count,results/radar_domain/source_eval_v1/ai_semantic_summary.json,/arms/A1/adjudicated/answer_correct,copied
source_semantic,A1,answer_supported,17,count,results/radar_domain/source_eval_v1/ai_semantic_summary.json,/arms/A1/adjudicated/answer_supported,copied
source_semantic,A1,citations_support_answer,17,count,results/radar_domain/source_eval_v1/ai_semantic_summary.json,/arms/A1/adjudicated/citations_support_answer,copied
source_semantic,A1,correct_and_supported,16,count,results/radar_domain/source_eval_v1/ai_semantic_summary.json,/arms/A1/adjudicated/correct_and_supported,copied
source_semantic,A1,correct_supported_and_cited,16,count,results/radar_domain/source_eval_v1/ai_semantic_summary.json,/arms/A1/adjudicated/correct_supported_and_cited,copied
source_semantic,A1,qualified_questions,8,count,results/radar_domain/source_eval_v1/ai_semantic_summary.json,/arms/A1/adjudicated/qualified_questions,copied
source_semantic,A1,qualified_conditions_preserved,6,count,results/radar_domain/source_eval_v1/ai_semantic_summary.json,/arms/A1/adjudicated/qualified_conditions_preserved,copied
source_semantic,A1,qualified_condition_not_applicable,0,count,results/radar_domain/source_eval_v1/ai_semantic_summary.json,/arms/A1/adjudicated/qualified_condition_not_applicable,copied
source_semantic,A1,posthoc_reference_condition_questions,9,count,results/radar_domain/source_eval_v1/ai_semantic_summary.json,/arms/A1/adjudicated/posthoc_reference_condition_questions,copied
source_semantic,A1,posthoc_reference_conditions_preserved,6,count,results/radar_domain/source_eval_v1/ai_semantic_summary.json,/arms/A1/adjudicated/posthoc_reference_conditions_preserved,copied
source_mechanical,A1,json_contract_valid,19,count,results/radar_domain/source_eval_v1/mechanical_summary.json,/runs/A1/counts/json_contract_valid,copied
source_mechanical,A1,all_required_chunks_available,22,count,results/radar_domain/source_eval_v1/mechanical_summary.json,/runs/A1/counts/all_required_chunks_available,copied
source_mechanical,A1,strict_reference_claims_recalled,0,count,results/radar_domain/source_eval_v1/mechanical_summary.json,/runs/A1/counts/strict_reference_claims_recalled,copied
source_mechanical,A1,strict_reference_claim_set_equal,0,count,results/radar_domain/source_eval_v1/mechanical_summary.json,/runs/A1/counts/strict_reference_claim_set_equal,copied
source_mechanical,A1,exact_record_selection,21,count,results/radar_domain/source_eval_v1/mechanical_summary.json,/runs/A1/counts/exact_record_selection,copied
source_mechanical,A1,finished_selection,22,count,results/radar_domain/source_eval_v1/mechanical_summary.json,/runs/A1/counts/finished_selection,copied
source_tokens,A1,selection,174673,token,results/radar_domain/source_eval_v1/ai_semantic_summary.json,/arms/A1/tokens/selection,copied
source_tokens,A1,answer,37978,token,results/radar_domain/source_eval_v1/ai_semantic_summary.json,/arms/A1/tokens/answer,copied
source_tokens,A1,total,212651,token,results/radar_domain/source_eval_v1/ai_semantic_summary.json,/arms/A1/tokens/total,copied
source_semantic,A1,answer_accuracy_percent,66.66666666666667,percent,results/radar_domain/source_eval_v1/ai_semantic_summary.json,/arms/A1/adjudicated,100 * answer_correct / questions
source_cost,A1,gpu_hours,0.02655059370729658,GPU-hour,results/radar_domain/source_eval_v1/execution_summary.json,/jobs,sum(gpu_hours) where job.label equals this arm; includes selection and answer jobs
source_failure_stage,A1,missing_required_evidence_page,2,count,results/radar_domain/source_eval_v1/ai_semantic_summary.json,/arms/A1/incorrect_answer_partition/missing_required_evidence_page,copied
source_failure_stage,A1,required_pages_present_but_answer_incorrect,6,count,results/radar_domain/source_eval_v1/ai_semantic_summary.json,/arms/A1/incorrect_answer_partition/required_pages_present_but_answer_incorrect,copied
source_groups,A1_vaisala_wrm200,answer_correct,5,count,results/radar_domain/source_eval_v1/ai_semantic_summary.json,/arms/A1/by_source/vaisala_wrm200/answer_correct,copied
source_groups,A1_leonardo_meteor735c,answer_correct,3,count,results/radar_domain/source_eval_v1/ai_semantic_summary.json,/arms/A1/by_source/leonardo_meteor735c/answer_correct,copied
source_groups,A1_furuno_wr2120,answer_correct,4,count,results/radar_domain/source_eval_v1/ai_semantic_summary.json,/arms/A1/by_source/furuno_wr2120/answer_correct,copied
source_groups,A1_jrc_jma1030,answer_correct,4,count,results/radar_domain/source_eval_v1/ai_semantic_summary.json,/arms/A1/by_source/jrc_jma1030/answer_correct,copied
source_runtime_tokens,C1_answer,input_tokens,34773,token,results/radar_domain/source_eval_v1/mechanical_summary.json,/runs/C1/answer_runtime/totals/input_tokens,copied
source_runtime_tokens,C1_answer,generated_tokens,4431,token,results/radar_domain/source_eval_v1/mechanical_summary.json,/runs/C1/answer_runtime/totals/generated_tokens,copied
source_runtime_tokens,C1_answer,total_tokens,39204,token,results/radar_domain/source_eval_v1/mechanical_summary.json,/runs/C1/answer_runtime/totals/total_tokens,copied
source_runtime_tokens,C1_selection,input_tokens,135033,token,results/radar_domain/source_eval_v1/mechanical_summary.json,/runs/C1/selection_runtime/totals/input_tokens,copied
source_runtime_tokens,C1_selection,generated_tokens,2196,token,results/radar_domain/source_eval_v1/mechanical_summary.json,/runs/C1/selection_runtime/totals/generated_tokens,copied
source_runtime_tokens,C1_selection,total_tokens,137229,token,results/radar_domain/source_eval_v1/mechanical_summary.json,/runs/C1/selection_runtime/totals/total_tokens,copied
source_semantic,C1,questions,24,count,results/radar_domain/source_eval_v1/ai_semantic_summary.json,/arms/C1/adjudicated/questions,copied
source_semantic,C1,answer_correct,15,count,results/radar_domain/source_eval_v1/ai_semantic_summary.json,/arms/C1/adjudicated/answer_correct,copied
source_semantic,C1,answer_supported,18,count,results/radar_domain/source_eval_v1/ai_semantic_summary.json,/arms/C1/adjudicated/answer_supported,copied
source_semantic,C1,citations_support_answer,17,count,results/radar_domain/source_eval_v1/ai_semantic_summary.json,/arms/C1/adjudicated/citations_support_answer,copied
source_semantic,C1,correct_and_supported,15,count,results/radar_domain/source_eval_v1/ai_semantic_summary.json,/arms/C1/adjudicated/correct_and_supported,copied
source_semantic,C1,correct_supported_and_cited,15,count,results/radar_domain/source_eval_v1/ai_semantic_summary.json,/arms/C1/adjudicated/correct_supported_and_cited,copied
source_semantic,C1,qualified_questions,8,count,results/radar_domain/source_eval_v1/ai_semantic_summary.json,/arms/C1/adjudicated/qualified_questions,copied
source_semantic,C1,qualified_conditions_preserved,5,count,results/radar_domain/source_eval_v1/ai_semantic_summary.json,/arms/C1/adjudicated/qualified_conditions_preserved,copied
source_semantic,C1,qualified_condition_not_applicable,0,count,results/radar_domain/source_eval_v1/ai_semantic_summary.json,/arms/C1/adjudicated/qualified_condition_not_applicable,copied
source_semantic,C1,posthoc_reference_condition_questions,9,count,results/radar_domain/source_eval_v1/ai_semantic_summary.json,/arms/C1/adjudicated/posthoc_reference_condition_questions,copied
source_semantic,C1,posthoc_reference_conditions_preserved,5,count,results/radar_domain/source_eval_v1/ai_semantic_summary.json,/arms/C1/adjudicated/posthoc_reference_conditions_preserved,copied
source_mechanical,C1,json_contract_valid,20,count,results/radar_domain/source_eval_v1/mechanical_summary.json,/runs/C1/counts/json_contract_valid,copied
source_mechanical,C1,all_required_chunks_available,23,count,results/radar_domain/source_eval_v1/mechanical_summary.json,/runs/C1/counts/all_required_chunks_available,copied
source_mechanical,C1,strict_reference_claims_recalled,0,count,results/radar_domain/source_eval_v1/mechanical_summary.json,/runs/C1/counts/strict_reference_claims_recalled,copied
source_mechanical,C1,strict_reference_claim_set_equal,0,count,results/radar_domain/source_eval_v1/mechanical_summary.json,/runs/C1/counts/strict_reference_claim_set_equal,copied
source_mechanical,C1,exact_record_selection,19,count,results/radar_domain/source_eval_v1/mechanical_summary.json,/runs/C1/counts/exact_record_selection,copied
source_mechanical,C1,finished_selection,23,count,results/radar_domain/source_eval_v1/mechanical_summary.json,/runs/C1/counts/finished_selection,copied
source_tokens,C1,selection,137229,token,results/radar_domain/source_eval_v1/ai_semantic_summary.json,/arms/C1/tokens/selection,copied
source_tokens,C1,answer,39204,token,results/radar_domain/source_eval_v1/ai_semantic_summary.json,/arms/C1/tokens/answer,copied
source_tokens,C1,total,176433,token,results/radar_domain/source_eval_v1/ai_semantic_summary.json,/arms/C1/tokens/total,copied
source_semantic,C1,answer_accuracy_percent,62.5,percent,results/radar_domain/source_eval_v1/ai_semantic_summary.json,/arms/C1/adjudicated,100 * answer_correct / questions
source_cost,C1,gpu_hours,0.018784282538625928,GPU-hour,results/radar_domain/source_eval_v1/execution_summary.json,/jobs,sum(gpu_hours) where job.label equals this arm; includes selection and answer jobs
source_failure_stage,C1,missing_required_evidence_page,1,count,results/radar_domain/source_eval_v1/ai_semantic_summary.json,/arms/C1/incorrect_answer_partition/missing_required_evidence_page,copied
source_failure_stage,C1,required_pages_present_but_answer_incorrect,8,count,results/radar_domain/source_eval_v1/ai_semantic_summary.json,/arms/C1/incorrect_answer_partition/required_pages_present_but_answer_incorrect,copied
source_groups,C1_vaisala_wrm200,answer_correct,5,count,results/radar_domain/source_eval_v1/ai_semantic_summary.json,/arms/C1/by_source/vaisala_wrm200/answer_correct,copied
source_groups,C1_leonardo_meteor735c,answer_correct,3,count,results/radar_domain/source_eval_v1/ai_semantic_summary.json,/arms/C1/by_source/leonardo_meteor735c/answer_correct,copied
source_groups,C1_furuno_wr2120,answer_correct,4,count,results/radar_domain/source_eval_v1/ai_semantic_summary.json,/arms/C1/by_source/furuno_wr2120/answer_correct,copied
source_groups,C1_jrc_jma1030,answer_correct,3,count,results/radar_domain/source_eval_v1/ai_semantic_summary.json,/arms/C1/by_source/jrc_jma1030/answer_correct,copied
source_runtime_tokens,A2_answer,input_tokens,33539,token,results/radar_domain/source_eval_v1/mechanical_summary.json,/runs/A2/answer_runtime/totals/input_tokens,copied
source_runtime_tokens,A2_answer,generated_tokens,4375,token,results/radar_domain/source_eval_v1/mechanical_summary.json,/runs/A2/answer_runtime/totals/generated_tokens,copied
source_runtime_tokens,A2_answer,total_tokens,37914,token,results/radar_domain/source_eval_v1/mechanical_summary.json,/runs/A2/answer_runtime/totals/total_tokens,copied
source_runtime_tokens,A2_selection,input_tokens,129546,token,results/radar_domain/source_eval_v1/mechanical_summary.json,/runs/A2/selection_runtime/totals/input_tokens,copied
source_runtime_tokens,A2_selection,generated_tokens,2308,token,results/radar_domain/source_eval_v1/mechanical_summary.json,/runs/A2/selection_runtime/totals/generated_tokens,copied
source_runtime_tokens,A2_selection,total_tokens,131854,token,results/radar_domain/source_eval_v1/mechanical_summary.json,/runs/A2/selection_runtime/totals/total_tokens,copied
source_semantic,A2,questions,24,count,results/radar_domain/source_eval_v1/ai_semantic_summary.json,/arms/A2/adjudicated/questions,copied
source_semantic,A2,answer_correct,16,count,results/radar_domain/source_eval_v1/ai_semantic_summary.json,/arms/A2/adjudicated/answer_correct,copied
source_semantic,A2,answer_supported,19,count,results/radar_domain/source_eval_v1/ai_semantic_summary.json,/arms/A2/adjudicated/answer_supported,copied
source_semantic,A2,citations_support_answer,18,count,results/radar_domain/source_eval_v1/ai_semantic_summary.json,/arms/A2/adjudicated/citations_support_answer,copied
source_semantic,A2,correct_and_supported,16,count,results/radar_domain/source_eval_v1/ai_semantic_summary.json,/arms/A2/adjudicated/correct_and_supported,copied
source_semantic,A2,correct_supported_and_cited,16,count,results/radar_domain/source_eval_v1/ai_semantic_summary.json,/arms/A2/adjudicated/correct_supported_and_cited,copied
source_semantic,A2,qualified_questions,8,count,results/radar_domain/source_eval_v1/ai_semantic_summary.json,/arms/A2/adjudicated/qualified_questions,copied
source_semantic,A2,qualified_conditions_preserved,7,count,results/radar_domain/source_eval_v1/ai_semantic_summary.json,/arms/A2/adjudicated/qualified_conditions_preserved,copied
source_semantic,A2,qualified_condition_not_applicable,0,count,results/radar_domain/source_eval_v1/ai_semantic_summary.json,/arms/A2/adjudicated/qualified_condition_not_applicable,copied
source_semantic,A2,posthoc_reference_condition_questions,9,count,results/radar_domain/source_eval_v1/ai_semantic_summary.json,/arms/A2/adjudicated/posthoc_reference_condition_questions,copied
source_semantic,A2,posthoc_reference_conditions_preserved,7,count,results/radar_domain/source_eval_v1/ai_semantic_summary.json,/arms/A2/adjudicated/posthoc_reference_conditions_preserved,copied
source_mechanical,A2,json_contract_valid,19,count,results/radar_domain/source_eval_v1/mechanical_summary.json,/runs/A2/counts/json_contract_valid,copied
source_mechanical,A2,all_required_chunks_available,22,count,results/radar_domain/source_eval_v1/mechanical_summary.json,/runs/A2/counts/all_required_chunks_available,copied
source_mechanical,A2,strict_reference_claims_recalled,0,count,results/radar_domain/source_eval_v1/mechanical_summary.json,/runs/A2/counts/strict_reference_claims_recalled,copied
source_mechanical,A2,strict_reference_claim_set_equal,0,count,results/radar_domain/source_eval_v1/mechanical_summary.json,/runs/A2/counts/strict_reference_claim_set_equal,copied
source_mechanical,A2,exact_record_selection,20,count,results/radar_domain/source_eval_v1/mechanical_summary.json,/runs/A2/counts/exact_record_selection,copied
source_mechanical,A2,finished_selection,23,count,results/radar_domain/source_eval_v1/mechanical_summary.json,/runs/A2/counts/finished_selection,copied
source_tokens,A2,selection,131854,token,results/radar_domain/source_eval_v1/ai_semantic_summary.json,/arms/A2/tokens/selection,copied
source_tokens,A2,answer,37914,token,results/radar_domain/source_eval_v1/ai_semantic_summary.json,/arms/A2/tokens/answer,copied
source_tokens,A2,total,169768,token,results/radar_domain/source_eval_v1/ai_semantic_summary.json,/arms/A2/tokens/total,copied
source_semantic,A2,answer_accuracy_percent,66.66666666666667,percent,results/radar_domain/source_eval_v1/ai_semantic_summary.json,/arms/A2/adjudicated,100 * answer_correct / questions
source_cost,A2,gpu_hours,0.02056107375356886,GPU-hour,results/radar_domain/source_eval_v1/execution_summary.json,/jobs,sum(gpu_hours) where job.label equals this arm; includes selection and answer jobs
source_failure_stage,A2,missing_required_evidence_page,2,count,results/radar_domain/source_eval_v1/ai_semantic_summary.json,/arms/A2/incorrect_answer_partition/missing_required_evidence_page,copied
source_failure_stage,A2,required_pages_present_but_answer_incorrect,6,count,results/radar_domain/source_eval_v1/ai_semantic_summary.json,/arms/A2/incorrect_answer_partition/required_pages_present_but_answer_incorrect,copied
source_groups,A2_vaisala_wrm200,answer_correct,5,count,results/radar_domain/source_eval_v1/ai_semantic_summary.json,/arms/A2/by_source/vaisala_wrm200/answer_correct,copied
source_groups,A2_leonardo_meteor735c,answer_correct,3,count,results/radar_domain/source_eval_v1/ai_semantic_summary.json,/arms/A2/by_source/leonardo_meteor735c/answer_correct,copied
source_groups,A2_furuno_wr2120,answer_correct,4,count,results/radar_domain/source_eval_v1/ai_semantic_summary.json,/arms/A2/by_source/furuno_wr2120/answer_correct,copied
source_groups,A2_jrc_jma1030,answer_correct,4,count,results/radar_domain/source_eval_v1/ai_semantic_summary.json,/arms/A2/by_source/jrc_jma1030/answer_correct,copied
source_runtime_tokens,C2_answer,input_tokens,36007,token,results/radar_domain/source_eval_v1/mechanical_summary.json,/runs/C2/answer_runtime/totals/input_tokens,copied
source_runtime_tokens,C2_answer,generated_tokens,4439,token,results/radar_domain/source_eval_v1/mechanical_summary.json,/runs/C2/answer_runtime/totals/generated_tokens,copied
source_runtime_tokens,C2_answer,total_tokens,40446,token,results/radar_domain/source_eval_v1/mechanical_summary.json,/runs/C2/answer_runtime/totals/total_tokens,copied
source_runtime_tokens,C2_selection,input_tokens,101351,token,results/radar_domain/source_eval_v1/mechanical_summary.json,/runs/C2/selection_runtime/totals/input_tokens,copied
source_runtime_tokens,C2_selection,generated_tokens,1828,token,results/radar_domain/source_eval_v1/mechanical_summary.json,/runs/C2/selection_runtime/totals/generated_tokens,copied
source_runtime_tokens,C2_selection,total_tokens,103179,token,results/radar_domain/source_eval_v1/mechanical_summary.json,/runs/C2/selection_runtime/totals/total_tokens,copied
source_semantic,C2,questions,24,count,results/radar_domain/source_eval_v1/ai_semantic_summary.json,/arms/C2/adjudicated/questions,copied
source_semantic,C2,answer_correct,16,count,results/radar_domain/source_eval_v1/ai_semantic_summary.json,/arms/C2/adjudicated/answer_correct,copied
source_semantic,C2,answer_supported,18,count,results/radar_domain/source_eval_v1/ai_semantic_summary.json,/arms/C2/adjudicated/answer_supported,copied
source_semantic,C2,citations_support_answer,18,count,results/radar_domain/source_eval_v1/ai_semantic_summary.json,/arms/C2/adjudicated/citations_support_answer,copied
source_semantic,C2,correct_and_supported,16,count,results/radar_domain/source_eval_v1/ai_semantic_summary.json,/arms/C2/adjudicated/correct_and_supported,copied
source_semantic,C2,correct_supported_and_cited,16,count,results/radar_domain/source_eval_v1/ai_semantic_summary.json,/arms/C2/adjudicated/correct_supported_and_cited,copied
source_semantic,C2,qualified_questions,8,count,results/radar_domain/source_eval_v1/ai_semantic_summary.json,/arms/C2/adjudicated/qualified_questions,copied
source_semantic,C2,qualified_conditions_preserved,5,count,results/radar_domain/source_eval_v1/ai_semantic_summary.json,/arms/C2/adjudicated/qualified_conditions_preserved,copied
source_semantic,C2,qualified_condition_not_applicable,0,count,results/radar_domain/source_eval_v1/ai_semantic_summary.json,/arms/C2/adjudicated/qualified_condition_not_applicable,copied
source_semantic,C2,posthoc_reference_condition_questions,9,count,results/radar_domain/source_eval_v1/ai_semantic_summary.json,/arms/C2/adjudicated/posthoc_reference_condition_questions,copied
source_semantic,C2,posthoc_reference_conditions_preserved,5,count,results/radar_domain/source_eval_v1/ai_semantic_summary.json,/arms/C2/adjudicated/posthoc_reference_conditions_preserved,copied
source_mechanical,C2,json_contract_valid,21,count,results/radar_domain/source_eval_v1/mechanical_summary.json,/runs/C2/counts/json_contract_valid,copied
source_mechanical,C2,all_required_chunks_available,24,count,results/radar_domain/source_eval_v1/mechanical_summary.json,/runs/C2/counts/all_required_chunks_available,copied
source_mechanical,C2,strict_reference_claims_recalled,0,count,results/radar_domain/source_eval_v1/mechanical_summary.json,/runs/C2/counts/strict_reference_claims_recalled,copied
source_mechanical,C2,strict_reference_claim_set_equal,0,count,results/radar_domain/source_eval_v1/mechanical_summary.json,/runs/C2/counts/strict_reference_claim_set_equal,copied
source_mechanical,C2,exact_record_selection,19,count,results/radar_domain/source_eval_v1/mechanical_summary.json,/runs/C2/counts/exact_record_selection,copied
source_mechanical,C2,finished_selection,24,count,results/radar_domain/source_eval_v1/mechanical_summary.json,/runs/C2/counts/finished_selection,copied
source_tokens,C2,selection,103179,token,results/radar_domain/source_eval_v1/ai_semantic_summary.json,/arms/C2/tokens/selection,copied
source_tokens,C2,answer,40446,token,results/radar_domain/source_eval_v1/ai_semantic_summary.json,/arms/C2/tokens/answer,copied
source_tokens,C2,total,143625,token,results/radar_domain/source_eval_v1/ai_semantic_summary.json,/arms/C2/tokens/total,copied
source_semantic,C2,answer_accuracy_percent,66.66666666666667,percent,results/radar_domain/source_eval_v1/ai_semantic_summary.json,/arms/C2/adjudicated,100 * answer_correct / questions
source_cost,C2,gpu_hours,0.015226952102449204,GPU-hour,results/radar_domain/source_eval_v1/execution_summary.json,/jobs,sum(gpu_hours) where job.label equals this arm; includes selection and answer jobs
source_failure_stage,C2,missing_required_evidence_page,0,count,results/radar_domain/source_eval_v1/ai_semantic_summary.json,/arms/C2/incorrect_answer_partition/missing_required_evidence_page,copied
source_failure_stage,C2,required_pages_present_but_answer_incorrect,8,count,results/radar_domain/source_eval_v1/ai_semantic_summary.json,/arms/C2/incorrect_answer_partition/required_pages_present_but_answer_incorrect,copied
source_groups,C2_vaisala_wrm200,answer_correct,5,count,results/radar_domain/source_eval_v1/ai_semantic_summary.json,/arms/C2/by_source/vaisala_wrm200/answer_correct,copied
source_groups,C2_leonardo_meteor735c,answer_correct,3,count,results/radar_domain/source_eval_v1/ai_semantic_summary.json,/arms/C2/by_source/leonardo_meteor735c/answer_correct,copied
source_groups,C2_furuno_wr2120,answer_correct,4,count,results/radar_domain/source_eval_v1/ai_semantic_summary.json,/arms/C2/by_source/furuno_wr2120/answer_correct,copied
source_groups,C2_jrc_jma1030,answer_correct,4,count,results/radar_domain/source_eval_v1/ai_semantic_summary.json,/arms/C2/by_source/jrc_jma1030/answer_correct,copied
source_pair,C1_minus_A1,net_correct_questions,-1,count,results/radar_domain/source_eval_v1/ai_semantic_summary.json,/paired_natural_answer_differences/C1_minus_A1/net_questions,copied
source_pair,C2_minus_A2,net_correct_questions,0,count,results/radar_domain/source_eval_v1/ai_semantic_summary.json,/paired_natural_answer_differences/C2_minus_A2/net_questions,copied
ai_review,all,unique_answers,58,count,results/radar_domain/source_eval_v1/ai_semantic_summary.json,/unique_answers,copied
ai_review,all,arm_question_outputs,144,count,results/radar_domain/source_eval_v1/ai_semantic_summary.json,/arm_question_outputs,copied
ai_review,all,disagreement_unique_answers,5,count,results/radar_domain/source_eval_v1/ai_semantic_summary.json,/disagreement_unique_answers,copied
ai_review,disagreements,answer_correct,0,count,results/radar_domain/source_eval_v1/ai_semantic_summary.json,/disagreements_by_field/answer_correct,copied
ai_review,disagreements,answer_supported,5,count,results/radar_domain/source_eval_v1/ai_semantic_summary.json,/disagreements_by_field/answer_supported,copied
ai_review,disagreements,citations_support_answer,0,count,results/radar_domain/source_eval_v1/ai_semantic_summary.json,/disagreements_by_field/citations_support_answer,copied
ai_review,disagreements,required_conditions_preserved,0,count,results/radar_domain/source_eval_v1/ai_semantic_summary.json,/disagreements_by_field/required_conditions_preserved,copied
source_failure_tags,four_agents,common_incorrect_count,8,count,results/radar_domain/source_eval_v1/failure_diagnosis.json,/all_four_agent_arms_common_incorrect_question_ids,len; IDs not exported
source_failure_tags,all_outputs,available_value_claimed_unknown,1,count,results/radar_domain/source_eval_v1/failure_diagnosis.json,/records,post-run count by observed_error_type; correlated arm-question outputs
source_failure_tags,all_outputs,discrete_options_collapsed_to_range,1,count,results/radar_domain/source_eval_v1/failure_diagnosis.json,/records,post-run count by observed_error_type; correlated arm-question outputs
source_failure_tags,all_outputs,explicit_beam_qualification_omitted_or_no_answer,6,count,results/radar_domain/source_eval_v1/failure_diagnosis.json,/records,post-run count by observed_error_type; correlated arm-question outputs
source_failure_tags,all_outputs,operating_vs_starting_condition_confused,5,count,results/radar_domain/source_eval_v1/failure_diagnosis.json,/records,post-run count by observed_error_type; correlated arm-question outputs
source_failure_tags,all_outputs,pulse_width_prf_pair_misread_or_no_answer,9,count,results/radar_domain/source_eval_v1/failure_diagnosis.json,/records,post-run count by observed_error_type; correlated arm-question outputs
source_failure_tags,all_outputs,requested_type_and_model_answer_incomplete,5,count,results/radar_domain/source_eval_v1/failure_diagnosis.json,/records,post-run count by observed_error_type; correlated arm-question outputs
source_failure_tags,all_outputs,scanner_vs_display_component_temperature_misbound_or_no_answer,6,count,results/radar_domain/source_eval_v1/failure_diagnosis.json,/records,post-run count by observed_error_type; correlated arm-question outputs
source_failure_tags,all_outputs,starting_vs_operating_condition_confused,2,count,results/radar_domain/source_eval_v1/failure_diagnosis.json,/records,post-run count by observed_error_type; correlated arm-question outputs
source_failure_tags,all_outputs,target_evidence_missing,2,count,results/radar_domain/source_eval_v1/failure_diagnosis.json,/records,post-run count by observed_error_type; correlated arm-question outputs
source_failure_tags,all_outputs,transmitter_and_modulator_description_incomplete_or_misbound,6,count,results/radar_domain/source_eval_v1/failure_diagnosis.json,/records,post-run count by observed_error_type; correlated arm-question outputs
source_failure_tags,all_outputs,typical_and_technical_quantities_merged,12,count,results/radar_domain/source_eval_v1/failure_diagnosis.json,/records,post-run count by observed_error_type; correlated arm-question outputs
source_cost,all,total_tokens,839365,token,results/radar_domain/source_eval_v1/ai_semantic_summary.json,/arms,sum(tokens.total) over six arms
source_cost,all,jobs_completed,11,count,results/radar_domain/source_eval_v1/execution_summary.json,/jobs_completed,copied
source_cost,all,pipeline_wall_seconds,156.161064,seconds,results/radar_domain/source_eval_v1/execution_summary.json,/pipeline_wall_seconds,copied
source_cost,all,gpu_hours_this_run,0.10285836709870232,GPU-hour,results/radar_domain/source_eval_v1/execution_summary.json,/gpu_hours_this_run,copied
source_cost,all,gpu_hours_after,24.040066315531732,GPU-hour,results/radar_domain/source_eval_v1/execution_summary.json,/gpu_hours_after,copied
source_cost,all,maximum_additional_gpu_hours,3.25,GPU-hour,results/radar_domain/source_eval_v1/execution_summary.json,/maximum_additional_gpu_hours,copied
source_cost,all,cumulative_project_budget_gpu_hours,72,GPU-hour,results/radar_domain/source_eval_v1/execution_summary.json,/cumulative_project_budget_gpu_hours,copied
adaptation_cost,all,charged_gpu_hours,0.9159988238414128,GPU-hour,results/radar_domain/interface_adapt_v1/review.json,/budget/charged_gpu_hours,copied
adaptation_cost,all,supervised_training_tokens_per_agent,48670,count,results/radar_domain/interface_adapt_v1/review.json,/budget/supervised_training_tokens_per_agent,copied
adaptation_cost,all,supervised_training_tokens_P,21000,count,results/radar_domain/interface_adapt_v1/review.json,/budget/supervised_training_tokens_P,copied
adaptation_cost,all,same_question_exposures_per_model,600,count,results/radar_domain/interface_adapt_v1/review.json,/budget/same_question_exposures_per_model,copied
lookup_cost,all,probe_gpu_hours,0.24047708590825398,GPU-hour,results/radar_domain/lookup_probe_v1/stage_decision.json,/probe_gpu_hours,copied
