benchmark	type	n	median_card	mean_card	baseline_pct	rog_pct	strategy_pct	delta_S_B
RadarKG-499	agg_count	50	13.5	25.3	4.0	38.0	62.0	58.0
RadarKG-499	agg_enum	50	9.5	13.9	46.0	92.0	96.0	50.0
RadarKG-499	attr_filter	50	2.5	4.4	12.0	0.0	92.0	80.0
RadarKG-499	single_hop	80	1.0	468.3	83.8	11.2	86.2	2.4
RadarKG-499	relation_inverse	50	1.0	1	40.0	74.0	86.0	46.0
RadarKG-499	two_hop_bridge	80	1.0	1	40.0	95.0	88.8	48.8
RadarKG-499	three_hop_chain	30	1.0	1	23.3	50.0	93.3	70.0
RadarKG-499	negation	40	1.0	1	100.0	97.5	100.0	0.0
RadarKG-499	set_compare	40	1.0	1	97.5	85.0	97.5	0.0
RadarKG-499	unanswerable	20	1.0	1	90.0	100.0	90.0	0.0
RadarKG-499	distractor	9	1	1	100.0	66.7	100.0	0.0
KQA-Pro-502	Count	45	2	5.4	31.1		22.2	-8.9
KQA-Pro-502	QueryRelationQualifier	45	1	397.5	8.9		11.1	2.2
KQA-Pro-502	QueryRelation	45	1	1.0	31.1		24.4	-6.7
KQA-Pro-502	VerifyStr	45	1	1	53.3		53.3	0.0
KQA-Pro-502	SelectBetween	45	1	1	68.9		80.0	11.1
KQA-Pro-502	QueryAttr	45	1	472.4	20.0		20.0	0.0
KQA-Pro-502	VerifyNum	45	1	1	42.2		42.2	0.0
KQA-Pro-502	VerifyYear	45	1	1	20.0		20.0	0.0
KQA-Pro-502	QueryAttrQualifier	45	1	69239.2	2.2		0.0	-2.2
KQA-Pro-502	SelectAmong	45	1	1	4.4		4.4	0.0
KQA-Pro-502	What	45	1	1	15.6		22.2	6.6
KQA-Pro-502	VerifyDate	7	1	1	71.4		71.4	0.0