qid,question,answer_json,answer_status,support_fact_ids,knowledge_version,reasoning_type,source_group,model_family,split,annotator,reviewer,review_status,notes
radar-workflow-dev-01,所给来源快照的Type栏描述雷达型号还是整套系统？该栏能否直接支持AN/MPQ-65的类型归属？,,,"[""radar-review-001-01""]",unaccepted-packet-sha256:de9af2bf1c7422a6db0597d6a2c827a97431e97dc715f7f72663d7c708f8f122,subject_attribution,an_mpq-65,Patriot_system_and_components,development_only,AI_workflow_draft,,needs_review,流程开发草稿，答案留空；已见开发题，永久不得改名为独立评价。支持候选未人工验收。
radar-workflow-dev-02,该来源快照的Since表述对应什么主体和事件？仅凭它能否确定AN/MPQ-65的服役年份？,,,"[""radar-review-001-02""]",unaccepted-packet-sha256:de9af2bf1c7422a6db0597d6a2c827a97431e97dc715f7f72663d7c708f8f122,event_scope,an_mpq-65,Patriot_system_and_components,development_only,AI_workflow_draft,,needs_review,流程开发草稿，答案留空；已见开发题，永久不得改名为独立评价。支持候选未人工验收。
radar-workflow-dev-03,该来源快照的initial operational capacity表述对应哪一事件？与服役事件应否分开记录？,,,"[""radar-review-001-03""]",unaccepted-packet-sha256:de9af2bf1c7422a6db0597d6a2c827a97431e97dc715f7f72663d7c708f8f122,event_scope,an_mpq-65,Patriot_system_and_components,development_only,AI_workflow_draft,,needs_review,流程开发草稿，答案留空；已见开发题，永久不得改名为独立评价。支持候选未人工验收。
radar-workflow-dev-04,AN/APY-9来源快照的Frequency栏给出什么区间？该区间是型号参数还是频段解释能否确定？,,,"[""radar-review-001-04""]",unaccepted-packet-sha256:de9af2bf1c7422a6db0597d6a2c827a97431e97dc715f7f72663d7c708f8f122,range_scope,an_apy-9,AN_APY_9_family,development_only,AI_workflow_draft,,needs_review,流程开发草稿，答案留空；已见开发题，永久不得改名为独立评价。支持候选未人工验收。
radar-workflow-dev-05,AN/SPG-51来源快照中标为Illuminator的频率记录应保留什么范围、单位与部件标签？,,,"[""radar-review-001-05""]",unaccepted-packet-sha256:de9af2bf1c7422a6db0597d6a2c827a97431e97dc715f7f72663d7c708f8f122,component_range,an_spg-51,AN_SPG_51_family,development_only,AI_workflow_draft,,needs_review,流程开发草稿，答案留空；已见开发题，永久不得改名为独立评价。支持候选未人工验收。
radar-workflow-dev-06,AN/SPG-51来源快照中标为Tracking Radar的频率记录应保留什么范围、单位与部件标签？,,,"[""radar-review-001-06""]",unaccepted-packet-sha256:de9af2bf1c7422a6db0597d6a2c827a97431e97dc715f7f72663d7c708f8f122,component_range,an_spg-51,AN_SPG_51_family,development_only,AI_workflow_draft,,needs_review,流程开发草稿，答案留空；已见开发题，永久不得改名为独立评价。支持候选未人工验收。
radar-workflow-dev-07,AN/SPG-51来源快照中surface标签下的PRF以什么数值形式记录？该标签的进一步含义是否已明确？,,,"[""radar-review-001-07""]",unaccepted-packet-sha256:de9af2bf1c7422a6db0597d6a2c827a97431e97dc715f7f72663d7c708f8f122,condition_scope,an_spg-51,AN_SPG_51_family,development_only,AI_workflow_draft,,needs_review,流程开发草稿，答案留空；已见开发题，永久不得改名为独立评价。支持候选未人工验收。
radar-workflow-dev-08,AN/SPG-51来源快照中air标签下的PRF应保留哪两个端点和什么单位？,,,"[""radar-review-001-08""]",unaccepted-packet-sha256:de9af2bf1c7422a6db0597d6a2c827a97431e97dc715f7f72663d7c708f8f122,condition_range,an_spg-51,AN_SPG_51_family,development_only,AI_workflow_draft,,needs_review,流程开发草稿，答案留空；已见开发题，永久不得改名为独立评价。支持候选未人工验收。
radar-workflow-dev-09,AN/SPN-35来源快照的Frequency栏应按什么量纲和区间记录？,,,"[""radar-review-001-09""]",unaccepted-packet-sha256:de9af2bf1c7422a6db0597d6a2c827a97431e97dc715f7f72663d7c708f8f122,unit_range,an_spn-35,AN_SPN_35_family,development_only,AI_workflow_draft,,needs_review,流程开发草稿，答案留空；已见开发题，永久不得改名为独立评价。支持候选未人工验收。
radar-workflow-dev-10,AN/SPN-35来源快照的Pulsewidth栏记录的是什么量纲和单位？,,,"[""radar-review-001-10""]",unaccepted-packet-sha256:de9af2bf1c7422a6db0597d6a2c827a97431e97dc715f7f72663d7c708f8f122,unit_dimension,an_spn-35,AN_SPN_35_family,development_only,AI_workflow_draft,,needs_review,流程开发草稿，答案留空；已见开发题，永久不得改名为独立评价。支持候选未人工验收。
radar-workflow-dev-11,AN/SPG-59来源快照中Canceled表述的是何种事件？它能否直接回答服役年份？,,,"[""radar-review-001-11""]",unaccepted-packet-sha256:de9af2bf1c7422a6db0597d6a2c827a97431e97dc715f7f72663d7c708f8f122,event_type,an_spg-59,AN_SPG_59_family,development_only,AI_workflow_draft,,needs_review,流程开发草稿，答案留空；已见开发题，永久不得改名为独立评价。支持候选未人工验收。
radar-workflow-dev-12,仅依据EL/M-2080来源快照的Power栏，是否存在可填写的功率数值？回答范围应如何限定？,,,"[""radar-review-001-12""]",unaccepted-packet-sha256:de9af2bf1c7422a6db0597d6a2c827a97431e97dc715f7f72663d7c708f8f122,source_scoped_unknown,el_m-2080,EL_M_2080_family,development_only,AI_workflow_draft,,needs_review,流程开发草稿，答案留空；已见开发题，永久不得改名为独立评价。支持候选未人工验收。
