fact_id,entity_name,subagent_action,development_disposition,reviewer_kind,adjudication_note_zh,reason_zh,recommended_revision_zh,source_uri,source_sha256,human_verified,independent_gold
radar-review-001-01,AN/MPQ-65,隔离,revise_or_quarantine,AI,保留子agent的证据边界；主agent裁决仅描述开发用途，不是事实准入。,来源信息框的Type属于Patriot系统，不能作为AN/MPQ-65的型号类型；本地en_title标签与source_en正文主体不一致。,分开source_subject与queried_entity；隔离雷达类型断言，后续用直接设备来源另建新事实。,https://en.wikipedia.org/wiki/MIM-104_Patriot,55822bec7df58ee20138f19c9702270f4947ca56f834e6927f3e88758797432c,false,false
radar-review-001-02,AN/MPQ-65,隔离,revise_or_quarantine,AI,保留子agent的证据边界；主agent裁决仅描述开发用途，不是事实准入。,1981在绑定快照中出现，但其主语仍是系统页面，不能据此确定AN/MPQ-65的服役年份。,保留系统页面的原文陈述及主体未对齐标记；不填写雷达替代年份。,https://en.wikipedia.org/wiki/MIM-104_Patriot,55822bec7df58ee20138f19c9702270f4947ca56f834e6927f3e88758797432c,false,false
radar-review-001-03,AN/MPQ-65,隔离,revise_or_quarantine,AI,保留子agent的证据边界；主agent裁决仅描述开发用途，不是事实准入。,1984的字面事件与服役事件不同，且没有在本快照中直接绑定雷达型号。,事件类型和来源主体分别记录；不能把系统部署、交付或初始能力互换。,https://en.wikipedia.org/wiki/MIM-104_Patriot,55822bec7df58ee20138f19c9702270f4947ca56f834e6927f3e88758797432c,false,false
radar-review-001-04,AN/APY-9,修订,revise_or_quarantine,AI,保留子agent的证据边界；主agent裁决仅描述开发用途，不是事实准入。,快照写有该区间；厂商正文只支持UHF类别，没有在已读正文给出该型号的数值端点。,保留快照原文范围但禁止作为已核实型号数值；UHF类别如另建候选须单独绑定厂商来源。,https://en.wikipedia.org/wiki/AN/APY-9,7366d6584f91cb16ed03ce696866838e3be16d77eb5a4d9d39e72bab95fdf4ef,false,false
radar-review-001-05,AN/SPG-51,开发保留,retain_scoped_reading,AI,保留子agent的证据边界；主agent裁决仅描述开发用途，不是事实准入。,双端点和Illuminator标签均与来源短摘录一致；未核实型号版本和原始参数资料。,开发中保留区间及原文部件标签；不得与Tracking Radar记录合并或补全未写出的配置。,https://en.wikipedia.org/wiki/AN/SPG-51,a5472711842723a90e4413f3d4eb0ff00b773cf9943f8e5170e78d5750dd6a95,false,false
radar-review-001-06,AN/SPG-51,开发保留,retain_scoped_reading,AI,保留子agent的证据边界；主agent裁决仅描述开发用途，不是事实准入。,双端点和Tracking Radar标签均与来源短摘录一致；未独立核实参数。,保留独立部件记录和双端点；不能把两个部件的范围当一个连续范围。,https://en.wikipedia.org/wiki/AN/SPG-51,a5472711842723a90e4413f3d4eb0ff00b773cf9943f8e5170e78d5750dd6a95,false,false
radar-review-001-07,AN/SPG-51,开发保留,retain_scoped_reading,AI,保留子agent的证据边界；主agent裁决仅描述开发用途，不是事实准入。,标量、pps及surface字面标签一致；surface进一步表示哪一模式/对象尚未核实。,保留verbatim_context_label，不自动解释为某目标或通用工作模式。,https://en.wikipedia.org/wiki/AN/SPG-51,a5472711842723a90e4413f3d4eb0ff00b773cf9943f8e5170e78d5750dd6a95,false,false
radar-review-001-08,AN/SPG-51,开发保留,retain_scoped_reading,AI,保留子agent的证据边界；主agent裁决仅描述开发用途，不是事实准入。,区间两端、pps及air字面标签一致；仍只是该快照的读法。,保留与surface分开的范围和原标签，不擅自推出模式与适用条件。,https://en.wikipedia.org/wiki/AN/SPG-51,a5472711842723a90e4413f3d4eb0ff00b773cf9943f8e5170e78d5750dd6a95,false,false
radar-review-001-09,AN/SPN-35,隔离,retain_reading_with_scope_question,AI,子agent的隔离针对型号真值；仍可保留快照读法作开发，禁止提升为无条件型号事实。,快照的频率区间和GHz量纲可正确读取；子agent发现的手册转录端点精度不同，可能涉及舍入、版本或转录差异。,旧kg量纲不可沿用；先保留两个来源的说法并注明来源等级，不据转录直接判定原区间错误或替换端点。,https://en.wikipedia.org/wiki/AN/SPN-35,3003133c4297385d574dda55ff5714ee45231c4c655b981fdf742d7d8e37f150,false,false
radar-review-001-10,AN/SPN-35,隔离,retain_reading_with_scope_question,AI,子agent的隔离针对型号真值；仍可保留快照读法作开发，禁止提升为无条件型号事实。,快照脉宽按时间量读取正确；手册转录还列另一选项，所以不能把快照单值表述为唯一或无条件值。,保留单值的来源范围并标记可能缺少选项/模式；在原扫描与配置核对前不合成新确定参数。,https://en.wikipedia.org/wiki/AN/SPN-35,3003133c4297385d574dda55ff5714ee45231c4c655b981fdf742d7d8e37f150,false,false
radar-review-001-11,AN/SPG-59,修订,revise_or_quarantine,AI,保留子agent的证据边界；主agent裁决仅描述开发用途，不是事实准入。,Canceled字面表示取消，event_type=cancellation合理，但attribute=service_entry仍与事件冲突。,新版本将attribute改为中性lifecycle_event并保留cancellation；取消年份不能回答服役年份。,https://en.wikipedia.org/wiki/AN/SPG-59,2021a48450a5a861144acb2cc7721fe6a7db5da7e314baa74c3e376377214bde,false,false
radar-review-001-12,EL/M-2080,修订,retain_scoped_reading,AI,采纳子agent补结构化unknown_scope的建议；保留读法并将未知明确限定到绑定来源字段。,Power字段没有可读出的功率数值；not_recorded只能限定为该快照未给数值。,保留数值及单位为空，不补0，不从用途猜测推出数值或实际能力。,https://en.wikipedia.org/wiki/EL/M-2080_Green_Pine,45b4498d4004932dc42093e6ea30e29426275917e2198914de43746109e210db,false,false
